idox	round	acquired by Long Path Partners via Frankel UK Bidco: completion reported on 05–06.05.2026 (£339.5M on a fully diluted equity basis); admission to trading on AIM cancelled from 29.05.2026
idox	note	Blackburn tender: 29 suppliers invited, 3 responded, Idox scored 83.8, contract 5 years plus up to 5, capital costs £102K (council decision of 18 Oct 2024); Epsom and Ewell: £276,340 excluding VAT for software and support from 22 Nov 2025 to 29 Oct 2028, justified as single supplier (Find a Tender); over 100 people at the Pune centre (17% of the workforce) per the report; per the company, the leading provider of building control software in the UK | correction 06.10.2026: the 'public company' status is out of date: deal completed on 05.05.2026 (company page opened; amount and date confirmed by the release and the press); the revenue above is for the year to 31.10.2025, when it was still public | re-check 07.10.2026: the delisting date is clarified: the completion announcement and the AIM cancellation are separate events; the cancellation date (29.05.2026) is from the AIM/RNS notice (the ADVFN page returned 403; the date is supported by search results quoting Idox's notices of the planned cancellation)
planon	markets	about 3,750 clients in 40 countries; own offices in 17 countries — company claim
nplan	markets	UK (HS2, Network Rail, Anglian Water), Australia (North East Link, A$11B), Hong Kong (MTR), Saudi Arabia (NEOM) — per company releases
nplan	note	per the company site (opened): over 750,000 project schedules in the dataset (company claim); London address | financials, 06.10.2026: total raised, headcount and revenue are not stated in the release | re-check 07.10.2026: markets widened from two company releases (opened): the Series B of 17.10.2025 and the North East Link project in Victoria of 09.12.2025
madaster	note	per the company site (opened): material passports, embodied carbon, EU taxonomy compliance | financials, 06.10.2026: in 2019 the company called itself an Utrecht platform; the current site gives an Amsterdam address; headcount and revenue not found; 200+ customers is a 2019 claim | re-check 07.10.2026: S3 added: the documentation (opened) says the design team creates the building passport at the design stage, from a BIM model or an Excel template
yardi	size	over 9,000 professionals (company page, as stated in the re-check)
yardi	markets	regional offerings on the company site: US, UK, Netherlands, other countries; over 40 offices
yardi	founded	1984 (company page, as stated in the re-check)
yardi	note	the site returned 403; the purpose is per the fact-check; HQ, size and finances were not searched | financials, 06.10.2026: the yardi.com pages returned 403 to me; the founding year, headcount, offices and Construction Manager functions (tenders, contracts, cost, progress — S5, S6) are as given in the re-check with these links; revenue comes from one aggregator with no year and is not used in sorting
fieldwire-hilti	note	1M+ projects in 100 countries (company claim); ownership confirmed (Hilti, 2021) | correction 06.10.2026: geography widened from the company's country page (opened); a contact page is not the same as paying customers in the country
skyciv	note	per the company site (opened): modelling, analysis and code checks (AISC, EN, NDS, AS, CSA); registered in Australia per the ABN in the site footer (offices in Sydney and Chicago per the company page; offices alone do not prove the HQ) | financials, 06.10.2026: offices in Sydney and Chicago, 160+ countries and 10,000+ engineers are from the company page (opened); revenue is an aggregator estimate, not reported annual revenue
costx	note	per reviews, widely known among UK quantity surveyors; owned by RIB; finances not found | correction 06.10.2026: this is a RIB product (RIB CostX), not a standalone company; estimating and takeoff, with a cloud option and on-premise licences; the UK is a confirmed market, not the full reach
*	verified	частично: страницы yardi.com не открылись (403), данные — по повторной проверке 07.10.2026 со ссылками; остальное — агрегаторы	partial: the yardi.com pages returned 403, the data is from the 07.10.2026 re-check with links; the rest from aggregators
