011h	note	the offer is wider than site scanning: digital building delivery; number of projects not found; the website 011h.com comes from the report's table | correction 06.10.2026: per the official site it is turnkey design and construction; the digital platform is presented as an internal tool, no sale of software to outside clients was found; the Tracxn figures (headcount, round, amount) removed — the sources were only the tracxn.com root | financials, 06.10.2026: the map's founder clarified that the company builds its own digital product; in its own words it is an 'integrator' with its own digital platform for design from a catalogue of ready solutions and for construction with a network of manufacturers. No sale of the platform to outside clients was found on the site, so the record stays marked as an 'integrator platform', not as software as a service
testfit	round	Series A, $20M, 26.07.2022 (led by Parkway Venture Capital)
testfit	raised	$22M in total as of 26.07.2022
testfit	note	per the company site (opened): site plan and parking generation, pro forma; HQ not stated on the site | financials, 06.10.2026: the round and HQ are from the press release (opened); headcount and revenue not found; 6,200+ users is a company claim
skyciv	founded	2013 (per the company site)
skyciv	round	no outside investment: the company describes itself as self-funded
skyciv	raised	n/a (aggregator: about $20K from UNSW Founders)
skyciv	size	about 26 (aggregator estimate, 2026)
skyciv	revenue	Latka aggregator estimate: $2.9M for 2025; not disclosed by the company
skyciv	markets	engineers in more than 160 countries (company claim)
skyciv	note	per the company site (opened): modelling, analysis and code checks (AISC, EN, NDS, AS, CSA); registered in Australia per the ABN in the site footer; HQ not confirmed | financials, 06.10.2026: offices in Sydney and Chicago, 160+ countries and 10,000+ engineers are from the company page (opened); revenue is an aggregator estimate, not reported annual revenue
nplan	founded	2017 (per the founder's words in the funding release)
nplan	round	Series B, £11.9M (about $16M), 17.10.2025 (led by CapHorn; also Chevron Technology Ventures, Suffolk Technologies, GV, Pentech Ventures, LocalGlobe)
nplan	note	per the company site (opened): over 750,000 project schedules in the dataset (company claim); London address | financials, 06.10.2026: total raised, headcount and revenue are not stated in the release
one-click-lca	founded	2001 (aggregator)
one-click-lca	round	€40M, 28.11.2023 (PSG and InfraVia)
one-click-lca	raised	€40M in the 2023 round; total not found (aggregator: $43.8M)
one-click-lca	size	170–236 (aggregators)
one-click-lca	revenue	weak aggregator estimate: $21M, year not given
one-click-lca	note	per the company site (opened): 500,000+ datasets, 170+ countries (company claim); HQ not stated on the page | financials, 06.10.2026: the round and the Helsinki HQ are from press releases in search results (pages not opened); headcount and revenue are from aggregators and differ
madaster	founded	2017 (aggregator)
madaster	round	loan from the Green, Healthy, Smart Fund (Economic Board Utrecht), 17.01.2019; amount not stated
madaster	raised	about $4M (aggregator)
madaster	note	per the company site (opened): material passports, embodied carbon, EU taxonomy compliance | financials, 06.10.2026: in 2019 the company called itself an Utrecht platform; the current site gives an Amsterdam address; headcount and revenue not found; 200+ customers is a 2019 claim
yardi	founded	1984 (reference)
yardi	round	private company
yardi	size	about 10,000 (aggregator estimate)
yardi	revenue	weak aggregator estimate: $2.2B, year not given
yardi	note	the site returned 403; the purpose is per the fact-check; HQ, size and finances were not searched | financials, 06.10.2026: the site returned 403; HQ and headcount are from reference pages in search results; revenue comes from one aggregator with no year and is not used in sorting
mri-software	round	private company owned by TA Associates, GI Partners, Harvest Partners; in September 2025 a sale or IPO at up to $10B including debt was reported
mri-software	revenue	about $1B a year, EBITDA about $400M — per Private Equity Wire, 30.09.2025; not disclosed by the company
mri-software	note	per the company site (opened): address — Solon, Ohio, US; reach is a company claim | financials, 06.10.2026: revenue and owners are from a trade publication (opened), citing sources; the figures are not company reporting
*	sub	цифровая платформа интегратора: проектирование по каталогу готовых решений и строительство с сетью производителей	an integrator's digital platform: design from a catalogue of ready solutions and construction with a network of manufacturers
*	verified	частично: пресс-релиз или страница компании открыты 06.10.2026, остальное — агрегаторы	partial: a press release or company page opened on 06.10.2026, the rest from aggregators
*	verified	частично: пресс-релиз или страница компании открыты 06.10.2026, остальное — агрегаторы	partial: a press release or company page opened on 06.10.2026, the rest from aggregators
*	verified	частично: пресс-релиз или страница компании открыты 06.10.2026, остальное — агрегаторы	partial: a press release or company page opened on 06.10.2026, the rest from aggregators
*	verified	частично: агрегаторы и пресса, первоисточник не открывался; сайт компании не открылся 06.10.2026	partial: aggregators and press, no primary source opened; the company site did not open on 06.10.2026
*	verified	частично: пресс-релиз или страница компании открыты 06.10.2026, остальное — агрегаторы	partial: a press release or company page opened on 06.10.2026, the rest from aggregators
*	verified	частично: агрегаторы и пресса, первоисточник не открывался; сайт компании не открылся 06.10.2026	partial: aggregators and press, no primary source opened; the company site did not open on 06.10.2026
*	verified	частично: пресс-релиз или страница компании открыты 06.10.2026, остальное — агрегаторы	partial: a press release or company page opened on 06.10.2026, the rest from aggregators
