alice-technologies	founded	2013 (company announcement; linked to Stanford research)
alice-technologies	round	Series B, $30M (led by Vanedge Capital), extended: $13M of equity from Swire Properties plus a Bridge Bank loan — $47M accessible under Series B in total (2023)
alice-technologies	raised	n/a ($74.1M over 14 rounds is from an aggregator and not confirmed by a primary source)
alice-technologies	note	Parallel check 07.10.2026: the $47M includes a bank loan and is not equity alone
bluebeam	round	acquired by Nemetschek (completed 31.10.2014; price about $100M)
bluebeam	note	a general tool for working with drawings on which takeoff startups build; global: 160+ countries, 4M users (company claim) | Parallel check 07.10.2026: an acquisition, not a funding round
built	round	Series D, $125M, 30.09.2021 (led by TCV; also Goldman Sachs, Index Ventures); the $23.6M extension (July 2022) is not confirmed by a primary source
built	note	this is Built Technologies: construction lending software; headcount reduced since 2023; website getbuilt.com is an assumption (403 on automated loading); stages spread from the former cross-cutting layer (estimate) | Parallel check 07.10.2026: the round is confirmed by the company release; the $289.1M total from an aggregator is unconfirmed
cotality	round	taken private by Stone Point Capital and Insight Partners (completed 04.06.2021); renamed from CoreLogic to Cotality on 25.03.2025
cotality	note	a large established company; renamed from CoreLogic in 2025; revenue and headcount data are outdated | Parallel check 07.10.2026: a change of owner, not a round
dealpath	round	Series C, $43M, 08.09.2022 (led by Morgan Stanley Expansion Capital)
dealpath	note	website dealpath.com is an assumption: automated loading returned 403, content not verified | Parallel check 07.10.2026: the round date is confirmed by the company; the total raised is unconfirmed
dodge	founded	n/a (1891 is the history of the predecessor Dodge Reports; the current network was formed by the 2021 merger of Dodge Data & Analytics and The Blue Book)
dodge	round	private equity: Clearlake Capital and Symphony Technology Group; in November 2024 — $100M of new capital and a debt extension
dodge	note	headquarters per the BBB profile; the website did not open | Parallel check 07.10.2026: 1891 is predecessor history, not the current entity's founding year
doxel	founded	2015 (investor's account: December 2015; incorporation year not established)
entrata	round	minority investment by Blackstone, $200M, 15.05.2025, valuation $4.3B (the company does not call it Series D)
entrata	note	a large company, an established player in its segment; unrelated to construction (residential property management); an aggregator shows "IPO Registration" status: not verified | Parallel check 07.10.2026: a minority investment, neither a takeover nor a numbered round
fieldwire-hilti	round	acquired by Hilti: announced 16.11.2021, price about $300M (as reported)
foundation-software	round	acquired by Thoma Bravo: completion announced 31.08.2020
foundation-software	note	Parallel check 07.10.2026: a buyout by a private equity firm, not a round
hover	round	Series D, $60M, 17.11.2020; no later round confirmed
hover	raised	$147M as of 17.11.2020 (company statement; the current total is not established)
ineight	founded	2014 (InEight; its predecessor Hard Dollar dates from 1989)
ineight	note	Parallel check 07.10.2026: Kiewit invested in Hard Dollar in 2012, bought it and launched InEight as a subsidiary in 2014
keyway	founded	2021 (company statement; incorporation date not established; an SEC filing gives Delaware)
keyway	raised	n/a (company statements: $15M seed, $25M Series A, and separately over $100M of debt financing)
newforma	round	private equity: an Ethos Capital portfolio company; the acquisition was announced 03.04.2023, price not disclosed
openspace	round	Series D, $102M, plus $9M of strategic capital (09.08.2022); no later round confirmed
openspace	raised	n/a ($111M under Series D including the extension — company statement; the total is not established)
oracle-construction	note	products: Primavera P6, Primavera Cloud, Unifier, Aconex, Textura; unit revenue is not published separately; global: a unit of an international corporation, one of the five market leaders (per an overview) | correction 06.10.2026: S0 and S8a added: Primavera Unifier covers capital planning and facilities and asset management (Oracle pages in search results; the division page itself returned 403) | Parallel check 07.10.2026: the division's HQ is not established: the parent Oracle's HQ is not assigned to it
parspec	note	product for sales agents and distributors (product selection, quotes, submittal packages); started with lighting and electrical, expanding to MEP | Parallel check 07.10.2026: San Mateo (California) is the place given in the company's Series A release (08.07.2025); a formal HQ is not established; 4x revenue growth is claimed, the amount is not disclosed
togal-ai	round	pre-Series A (SAFE) $5M, March 2023, valuation cap $50M (per the press the lead investor is Florida Funders)
vts	round	Series E, over $125M, 06.09.2022 (led by CBRE); the $150M syndicated debt facility came earlier — 03.03.2022
vts	note	a mature company unrelated to construction: commercial leasing market | Parallel check 07.10.2026: CBRE is an investor and a customer, not an acquirer
xpanner	note	sells a subscription for tasks (pile driving, material handling, trenching, grading) on the customer's retrofitted equipment | Parallel check 07.10.2026: offices in Santa Fe Springs (California) and Seoul; a single HQ is not established
1001-ai	note	sources call the company GCC- and London-based; the founder's list says San Francisco; the focus is wider than construction (ports, airports, energy): check whether it counts as construction in the narrow sense | Parallel check 07.10.2026: the Series A release says the Middle East and London; 1001 AI LIMITED was registered on 05.12.2025 in England and Wales with a registered office in London; the operational HQ is not established (the earlier San Francisco entry is unconfirmed)
archilabs	note	a chat interface inside Revit that executes commands in the BIM model; starts with data centers. Not to be confused with Architect Labs (chip design) | Parallel check 07.10.2026: Houston (aggregator) and San Francisco (a Y Combinator page) are not confirmed by documents; the legal entity is ArchiLabs, Inc. (terms of service), the state of registration is not established
helonic	note	integrations with Procore and Autodesk Construction Cloud (per the website); checks drawings for clashes, code violations and constructability | Parallel check 07.10.2026: New York is from the Y Combinator page (the team); the legal entity is Articulate AI, Inc. (after the rename from Articulate to Helonic); the state of registration is not established
permitify	founded	2025 (per the Y Combinator page; incorporation date not established)
permitify	note	per description two products: a $297 pre-submittal review for designers and developers and a 24-hour review for homebuilders; also targets city reviewers, so the customer role is wider than "municipality" | Parallel check 07.10.2026: Salt Lake City is from the Y Combinator page; the legal entity is Permitify, Inc.; the state, date and address of registration are not established (earlier: San Francisco, 2024 — unconfirmed)
fresco	note	a narrow niche; 3,000+ takeoffs processed (company claim); a direct competitor of Bild AI | correction 06.10.2026: the $3.1M round and $3.5M total removed: the Y Combinator page (opened) states no amount; the same figures belong to Bild AI — a possible mix-up of two companies, not proven | Parallel check 07.10.2026: the operating site is fresco.build (Division 8 estimating, YC F24 batch); fresco-ai.com is unconfirmed
centric-leefomgeving	round	Centric's holding structures were bought by a Dutch consortium led by Imker Capital Partners (announced 15.07.2024)
kraan	round	acquired by Nedvest Capital: the deal closed on 08.08.2019
planon	round	Schneider Electric signed an agreement to raise its stake to 80% (30.07.2024; a minority stake since 2020); closing not verified
rated-power	round	Series A, $6M (company announcement; led by Seaya Ventures), 2021; later acquired by Enverus (closing date not established)
saalg	round	€3.65M, 10.07.2023 (with Acciona and the European Commission)
spotr	round	€4.5M, 23.01.2024 (led by EDF Pulse Ventures); seed €2.5M, 05.07.2021; the 'Series A' label is not confirmed in the release
asite	round	a senior secured credit facility from AshGrove Capital, 2024, for refinancing and growth; no information on equity or owners
asite	note	acquired 3D Repo in 2023; a mature company, not a startup; stages spread from the former cross-cutting layer (estimate); global: offices in the USA, Saudi Arabia, UAE, Australia, China, India | Parallel check 07.10.2026: 'self-funded' is wrong: AshGrove is a creditor, not a shareholder; the legal entity is ASITE SOLUTIONS LIMITED (04040122)
causeway	founded	1999 (company data); the legal entity was incorporated on 09.02.2000
civica	round	acquired by Blackstone: completed 02.05.2024
converge	round	£17M, 21.05.2025 (led by ABN AMRO Sustainable Impact Fund); the 'Series B' label is not confirmed
evercam	founded	2013 (company history)
evercam	round	€5M venture debt from Salica Investments, 2025 (separate from the €8.9M equity round of Oct 2022)
fenestrapro	founded	2012 (founders' account on the company site)
nbs	round	sold to Byggfakta Group in November 2020 (Hubexo since 01.10.2024)
searchland	round	seed round £2.3M, 01.03.2023 (Fuel Ventures; company announcement)
searchland	raised	£2.3M (seed round; company announcement)
q-bot	round	£3.5M, Sep 2023 (led by EMV); later £350K of equity (27.06.2025) and conversion of £865K of loans
revizto	founded	2012 (company statement; not checked in the Swiss commercial registry)
sablono	round	Series A, €5.3M, 27.05.2021 (led by Thomas Bachmaier, Bachmaier Invest GmbH; also High-Tech Gründerfonds, Hasso Plattner Ventures, Nemetschek Allplan)
zutec	founded	1998 (company timeline; the UK entity ZUTEC INC. (UK) LIMITED was registered separately)
casafari	round	Series A $15M, extended to $20M (a strategic investment by Starwood Capital); separately a $120M mandate from property investors — not company capital
casafari	raised	n/a ($30.3M over 4 rounds is from an aggregator; the $120M is not company capital)
*	verified	частично: часть полей сверена с первоисточниками 07.10.2026 (Parallel, источники — в списке); остальное — агрегаторы	partial: some fields checked against primary sources on 07.10.2026 (Parallel, sources listed); the rest from aggregators
*	verified	частично: часть полей сверена с первоисточниками 07.10.2026 (Parallel, источники — в списке); остальное — агрегаторы	partial: some fields checked against primary sources on 07.10.2026 (Parallel, sources listed); the rest from aggregators
*	verified	частично: часть полей сверена с первоисточниками 07.10.2026 (Parallel, источники — в списке); остальное — агрегаторы	partial: some fields checked against primary sources on 07.10.2026 (Parallel, sources listed); the rest from aggregators
*	verified	частично: часть полей сверена с первоисточниками 07.10.2026 (Parallel, источники — в списке); остальное — агрегаторы	partial: some fields checked against primary sources on 07.10.2026 (Parallel, sources listed); the rest from aggregators
*	verified	частично: часть полей сверена с первоисточниками 07.10.2026 (Parallel, источники — в списке); остальное — агрегаторы	partial: some fields checked against primary sources on 07.10.2026 (Parallel, sources listed); the rest from aggregators
*	verified	частично: часть полей сверена с первоисточниками 07.10.2026 (Parallel, источники — в списке); остальное — агрегаторы	partial: some fields checked against primary sources on 07.10.2026 (Parallel, sources listed); the rest from aggregators
*	verified	частично: часть полей сверена с первоисточниками 07.10.2026 (Parallel, источники — в списке); остальное — агрегаторы	partial: some fields checked against primary sources on 07.10.2026 (Parallel, sources listed); the rest from aggregators
*	verified	частично: часть полей сверена с первоисточниками 07.10.2026 (Parallel, источники — в списке); остальное — агрегаторы	partial: some fields checked against primary sources on 07.10.2026 (Parallel, sources listed); the rest from aggregators
*	verified	частично: часть полей сверена с первоисточниками 07.10.2026 (Parallel, источники — в списке); остальное — агрегаторы	partial: some fields checked against primary sources on 07.10.2026 (Parallel, sources listed); the rest from aggregators
*	verified	частично: часть полей сверена с первоисточниками 07.10.2026 (Parallel, источники — в списке); остальное — агрегаторы	partial: some fields checked against primary sources on 07.10.2026 (Parallel, sources listed); the rest from aggregators
*	verified	частично: часть полей сверена с первоисточниками 07.10.2026 (Parallel, источники — в списке); остальное — агрегаторы	partial: some fields checked against primary sources on 07.10.2026 (Parallel, sources listed); the rest from aggregators
*	verified	частично: часть полей сверена с первоисточниками 07.10.2026 (Parallel, источники — в списке); остальное — агрегаторы	partial: some fields checked against primary sources on 07.10.2026 (Parallel, sources listed); the rest from aggregators
*	verified	частично: часть полей сверена с первоисточниками 07.10.2026 (Parallel, источники — в списке); остальное — агрегаторы	partial: some fields checked against primary sources on 07.10.2026 (Parallel, sources listed); the rest from aggregators
*	verified	частично: часть полей сверена с первоисточниками 07.10.2026 (Parallel, источники — в списке); остальное — агрегаторы	partial: some fields checked against primary sources on 07.10.2026 (Parallel, sources listed); the rest from aggregators
*	verified	частично: часть полей сверена с первоисточниками 07.10.2026 (Parallel, источники — в списке); остальное — агрегаторы	partial: some fields checked against primary sources on 07.10.2026 (Parallel, sources listed); the rest from aggregators
*	verified	частично: часть полей сверена с первоисточниками 07.10.2026 (Parallel, источники — в списке); остальное — агрегаторы	partial: some fields checked against primary sources on 07.10.2026 (Parallel, sources listed); the rest from aggregators
*	verified	частично: часть полей сверена с первоисточниками 07.10.2026 (Parallel, источники — в списке); остальное — агрегаторы	partial: some fields checked against primary sources on 07.10.2026 (Parallel, sources listed); the rest from aggregators
*	verified	частично: часть полей сверена с первоисточниками 07.10.2026 (Parallel, источники — в списке); остальное — агрегаторы	partial: some fields checked against primary sources on 07.10.2026 (Parallel, sources listed); the rest from aggregators
*	verified	частично: часть полей сверена с первоисточниками 07.10.2026 (Parallel, источники — в списке); остальное — агрегаторы	partial: some fields checked against primary sources on 07.10.2026 (Parallel, sources listed); the rest from aggregators
*	verified	частично: часть полей сверена с первоисточниками 07.10.2026 (Parallel, источники — в списке); остальное — агрегаторы	partial: some fields checked against primary sources on 07.10.2026 (Parallel, sources listed); the rest from aggregators
*	verified	частично: часть полей сверена с первоисточниками 07.10.2026 (Parallel, источники — в списке); остальное — агрегаторы	partial: some fields checked against primary sources on 07.10.2026 (Parallel, sources listed); the rest from aggregators
*	verified	частично: часть полей сверена с первоисточниками 07.10.2026 (Parallel, источники — в списке); остальное — агрегаторы	partial: some fields checked against primary sources on 07.10.2026 (Parallel, sources listed); the rest from aggregators
*	verified	частично: часть полей сверена с первоисточниками 07.10.2026 (Parallel, источники — в списке); остальное — агрегаторы	partial: some fields checked against primary sources on 07.10.2026 (Parallel, sources listed); the rest from aggregators
*	verified	частично: часть полей сверена с первоисточниками 07.10.2026 (Parallel, источники — в списке); остальное — агрегаторы	partial: some fields checked against primary sources on 07.10.2026 (Parallel, sources listed); the rest from aggregators
*	verified	частично: часть полей сверена с первоисточниками 07.10.2026 (Parallel, источники — в списке); остальное — агрегаторы	partial: some fields checked against primary sources on 07.10.2026 (Parallel, sources listed); the rest from aggregators
*	verified	частично: часть полей сверена с первоисточниками 07.10.2026 (Parallel, источники — в списке); остальное — агрегаторы	partial: some fields checked against primary sources on 07.10.2026 (Parallel, sources listed); the rest from aggregators
*	verified	частично: часть полей сверена с первоисточниками 07.10.2026 (Parallel, источники — в списке); остальное — агрегаторы	partial: some fields checked against primary sources on 07.10.2026 (Parallel, sources listed); the rest from aggregators
*	verified	частично: часть полей сверена с первоисточниками 07.10.2026 (Parallel, источники — в списке); остальное — агрегаторы	partial: some fields checked against primary sources on 07.10.2026 (Parallel, sources listed); the rest from aggregators
*	verified	частично: часть полей сверена с первоисточниками 07.10.2026 (Parallel, источники — в списке); остальное — агрегаторы	partial: some fields checked against primary sources on 07.10.2026 (Parallel, sources listed); the rest from aggregators
*	verified	частично: часть полей сверена с первоисточниками 07.10.2026 (Parallel, источники — в списке); остальное — агрегаторы	partial: some fields checked against primary sources on 07.10.2026 (Parallel, sources listed); the rest from aggregators
*	verified	частично: часть полей сверена с первоисточниками 07.10.2026 (Parallel, источники — в списке); остальное — агрегаторы	partial: some fields checked against primary sources on 07.10.2026 (Parallel, sources listed); the rest from aggregators
*	verified	частично: часть полей сверена с первоисточниками 07.10.2026 (Parallel, источники — в списке); остальное — агрегаторы	partial: some fields checked against primary sources on 07.10.2026 (Parallel, sources listed); the rest from aggregators
*	verified	частично: часть полей сверена с первоисточниками 07.10.2026 (Parallel, источники — в списке); остальное — агрегаторы	partial: some fields checked against primary sources on 07.10.2026 (Parallel, sources listed); the rest from aggregators
*	verified	частично: часть полей сверена с первоисточниками 07.10.2026 (Parallel, источники — в списке); остальное — агрегаторы	partial: some fields checked against primary sources on 07.10.2026 (Parallel, sources listed); the rest from aggregators
*	verified	частично: часть полей сверена с первоисточниками 07.10.2026 (Parallel, источники — в списке); остальное — агрегаторы	partial: some fields checked against primary sources on 07.10.2026 (Parallel, sources listed); the rest from aggregators
*	verified	частично: часть полей сверена с первоисточниками 07.10.2026 (Parallel, источники — в списке); остальное — агрегаторы	partial: some fields checked against primary sources on 07.10.2026 (Parallel, sources listed); the rest from aggregators
*	verified	частично: часть полей сверена с первоисточниками 07.10.2026 (Parallel, источники — в списке); остальное — агрегаторы	partial: some fields checked against primary sources on 07.10.2026 (Parallel, sources listed); the rest from aggregators
*	verified	частично: часть полей сверена с первоисточниками 07.10.2026 (Parallel, источники — в списке); остальное — агрегаторы	partial: some fields checked against primary sources on 07.10.2026 (Parallel, sources listed); the rest from aggregators
*	verified	частично: часть полей сверена с первоисточниками 07.10.2026 (Parallel, источники — в списке); остальное — агрегаторы	partial: some fields checked against primary sources on 07.10.2026 (Parallel, sources listed); the rest from aggregators
*	verified	частично: часть полей сверена с первоисточниками 07.10.2026 (Parallel, источники — в списке); остальное — агрегаторы	partial: some fields checked against primary sources on 07.10.2026 (Parallel, sources listed); the rest from aggregators
