id;компания;группа;stage_primary;stage_primary_sub;stage_primary_parse_status;stages_secondary;stages_secondary_parse_status;substages_all;last_round_usd;last_round_usd_parse_status;last_round_year;last_round_year_parse_status;last_round_type;last_round_type_parse_status;total_raised_usd;total_raised_usd_parse_status;company_class;in_scope;in_scope_near_marker;verified_level;roles;subcategory;layer;markets;markets_basis;global;round_text
bobyard;Bobyard;;S5;;ok;;missing;S5a;35000000;ok;2025;ok;A;ok;73900000;ok;стартап;true;false;частично;субподрядчик;обмер объёмов и сметы;;US;штаб;;Series A, $35 млн, дек. 2025 (ведущий инвестор 8VC)
1001-ai;1001 AI;;S6;;ok;;missing;S6a;30000000;ok;2026;ok;A;ok;39000000;estimate;стартап;true;false;частично;генподрядчик;операционная аналитика;;OTHER;текст;;Series A, $30 млн, июнь 2026 (ведущий инвестор Lux Capital)
endra;Endra;;S3;;ok;;missing;;50000000;ok;2026;ok;A;ok;73400000;ok;стартап;true;false;частично;проектировщик;автопроектирование MEP;;EU;штаб;;"Series A, $50 млн (ведущий инвестор Andreessen Horowitz), 2026; ранее посевной раунд $20 млн, дек. 2025 (ведущий инвестор Notion Capital)"
bedrock-robotics;Bedrock Robotics;;S6;;ok;;missing;S6c;270000000;ok;2026;ok;B;ok;350000000;estimate;стартап;true;false;частично;генподрядчик;автономная техника;;US;штаб;;"Series B, $270 млн, 05.02.2026 (ведущие CapitalG и Valor Atreides AI Fund); оценка $1,8 млрд — по сводке поиска, в статье не подтверждена"
terrafirma;TerraFirma;;S6;;ok;;missing;S6c;100000000;ok;2026;ok;A;ok;115000000;ok;строитель;true;false;частично;генподрядчик;роботы;;US;штаб;;"Series A, $100 млн (ведущий инвестор Kleiner Perkins); всего $115 млн, июль 2026"
foresight;Foresight;;S6;;ok;;missing;S6a;25000000;ok;2026;ok;A;ok;;missing;стартап;true;false;да;генподрядчик;график и управление проектом;;"US; UK; OTHER";текст;;Series A, $25 млн, 18.03.2026 (ведущий инвестор Macquarie Capital Venture Capital)
higharc;Higharc;;S3;;ok;"S5;S8b";ok;;95000000;ok;2026;ok;C+;ok;170000000;estimate;стартап;true;false;да;застройщик;проектирование жилых домов;;US;штаб;;Series C, $95 млн, июнь 2026 (ведущий инвестор Insight Partners)
monumental;Monumental;;S6;;ok;;missing;S6c;32000000;ok;2026;ok;B;ok;57000000;estimate;стартап;true;false;да;генподрядчик;роботы;;"US; UK; NL";текст;;"Series B, $32 млн, 15.07.2026 (ведущий инвестор Khosla Ventures; Plural и Hummingbird участвовали)"
xpanner;Xpanner;;S6;;ok;;missing;S6c;18000000;ok;2026;ok;B;ok;38000000;ok;стартап;true;false;частично;генподрядчик;роботы;;US;штаб;;Series B bridge, $18 млн, май 2026 (ведущий инвестор Korea Investment Partners)
attentive-ai;Attentive.ai;;S5;;ok;S3;ok;S5a;30500000;ok;;missing;B;ok;48000000;ok;стартап;true;false;частично;субподрядчик;обмер объёмов и сметы;;US;штаб;;"Series B, $30,5 млн (ведущий инвестор Insight Partners); ранее A $7 млн (фев. 2024) и A2 $12 млн (янв. 2025)"
adaptive;Adaptive;;S6;;ok;;missing;;30000000;ok;2026;ok;B;ok;57000000;ok;стартап;true;false;частично;генподрядчик;учёт затрат;финансы и страхование;US;текст;;"Series B, $30 млн, сент. 2026 (ведущий инвестор Tidemark); ранее Series A $19 млн, посевной раунд $6,5 млн (2022, лид a16z)"
doxel;Doxel;;S6;;ok;;missing;S6b;40000000;ok;2021;ok;B;ok;56500000;ok;стартап;true;false;частично;генподрядчик;контроль хода и качества;;US;штаб;;Series B, $40 млн, авг. 2021 (ведущий инвестор Insight Partners)
meltplan;MeltPlan;;S5;;ok;S3;ok;;10000000;ok;2026;ok;seed;ok;14000000;ok;стартап;true;false;частично;н/д;предстроительная подготовка: нормы, объёмы, торги;комплаенс;US;штаб;;Посевной раунд, $10 млн, 26.02.2026 (ведущий инвестор Bessemer Venture Partners)
permitflow;PermitFlow;;S4;;ok;;missing;;54000000;ok;2025;ok;B;ok;91000000;ok;стартап;true;false;частично;"застройщик; генподрядчик";разрешения (сторона заявителя);;US;штаб;;"Series B, $54 млн, дек. 2025 (ведущий инвестор Accel); ранее $31 млн, фев. 2024 (Kleiner Perkins)"
buildots;Buildots;;S6;;ok;;missing;S6b;130000000;ok;2026;ok;unspecified;ambiguous;297000000;estimate;стартап;true;false;частично;генподрядчик;контроль хода и качества;;"US; EU";вручную: в примечании — работает в США и Европе;;$130 млн, сент. 2026
keyway;Keyway;;S8b;S8b;ok;S0;ok;;25000000;ok;2022;ok;A;ok;110000000;estimate;стартап;true;false;частично;инвестор/собственник;сделки с коммерческой недвижимостью;;US;штаб;;"Series A, $25 млн, июнь 2022 (ведущий инвестор Camber Creek); более поздние раунды не найдены"
alice-technologies;ALICE Technologies;;S6;;ok;S5;ok;S6a;30000000;ok;;missing;B;ok;74100000;ok;стартап;true;false;частично;генподрядчик;график и управление проектом;;US;штаб;;"Series B, $30 млн (ведущий инвестор Vanedge Capital), расширен (Swire Properties и кредит Bridge Bank); дата не подтверждена"
digs;Digs;;S7;;ok;"S6;S8a";ok;;25300000;ok;2026;ok;A;ok;47000000;estimate;стартап;true;false;частично;застройщик;цифровой паспорт дома: история, материалы, гарантии;;US;текст;;"Series A, $25,3 млн, авг. 2026 (ведущий инвестор Builders FirstSource); ранее pre-A $5 млн (2025)"
estie;estie, inc.;;S8b;S8b;ok;S0;ok;;20000000;estimate;2024;ok;B;ok;53200000;range;стартап;true;false;частично;инвестор/собственник;данные о коммерческой недвижимости;;OTHER;текст;;Series B, ¥2,8 млрд (около $20 млн), 2024
built-robotics;Built Robotics;;S6;;ok;;missing;S6c;64000000;ok;2022;ok;C+;ok;112000000;ok;стартап;true;false;частично;генподрядчик;роботы;;US;штаб;;Series C, $64 млн, апр. 2022 (ведущий инвестор Tiger Global)
netvendor;NetVendor;;S8a;S8a;ok;;missing;;;missing;2025;ok;private-equity;ok;;missing;стартап;true;false;частично;управляющая компания;комплаенс подрядчиков;комплаенс;US;штаб;;мажоритарная инвестиция Five Arrows, нояб. 2025 (выкуп доли у Greenridge Growth Partners — частный капитал, не венчурный раунд)
cosuno;Cosuno;;S5;;ok;;missing;S5c;30000000;ok;2022;ok;B;ok;45000000;ok;стартап;true;false;частично;генподрядчик;тендеры;;EU;текст;;"Series B, $30 млн, фев. 2022 (ведущий инвестор Avenir Growth; оценка $150 млн)"
zefir;Zefir;;S8b;S8b;ok;;missing;;16950000;ok;2025;ok;B;ok;56500000;ok;стартап;true;false;частично;застройщик;продажи жилья;;EU;текст;;Series B, €15 млн, сент. 2025 (ведущий инвестор FinTech Collective)
cupix;Cupix;;S6;;ok;S7;ok;S6b;23400000;ok;;missing;C+;ok;40200000;ok;стартап;true;false;частично;генподрядчик;контроль хода и качества;;US;штаб;;Series C, $23,4 млн (дата не подтверждена)
greenlite;GreenLite;;S4;;ok;;missing;;49500000;ok;2025;ok;B;ok;78000000;estimate;стартап;true;false;частично;"генподрядчик; муниципалитет";частная проверка планов и разрешения (приватизация разрешений);;US;текст;;"Series B, $49,5 млн, 15.09.2025 (ведущий инвестор Insight Partners); ранее Series A $28,5 млн, сент. 2024"
parspec;Parspec;;S5;;ok;;missing;S5b;20000000;ok;2025;ok;A;ok;31500000;ok;стартап;true;false;частично;"дистрибьютор/производитель; субподрядчик";закупка материалов;;US;текст;;Series A, $20 млн, июль 2025 (ведущий инвестор Threshold Ventures)
dealpath;Dealpath;;S0;;ok;"S1;S8b";ok;;43000000;ok;;missing;C+;ok;59800000;range;стартап;true;false;частично;инвестор/собственник;инвестиционная аналитика;;US;штаб;;"Series C, $43 млн (ведущий инвестор Morgan Stanley Expansion Capital; дата не подтверждена)"
fifth-dimension;Fifth Dimension;;S0;;ok;S8b;ok;;26000000;ok;2026;ok;A;ok;40000000;estimate;стартап;true;false;частично;инвестор/собственник;инвестиционная аналитика;;"US; UK; OTHER";текст;;Series A, $26 млн (€22 млн), май 2026 (ведущий инвестор HV Capital)
vts;VTS;;S8b;S8b;ok;;missing;;125000000;estimate;2022;ok;C+;ok;336600000;ok;стартап;false;false;частично;"инвестор/собственник; управляющая компания";аренда;;US;штаб;;"Series E, более $125 млн (ведущий инвестор CBRE); последняя сделка — долговое финансирование $150 млн, 2022"
hqo;HqO;;S8a;S8a;ok;S8b;ok;;50000000;estimate;2023;ok;C+;ok;200000000;estimate;стартап;false;false;частично;управляющая компания;клиентский опыт арендаторов;;US;штаб;;"Series D, более $50 млн, 18.10.2023 (ведущий инвестор Koch Real Estate Investments); более поздние раунды не искались"
casafari;CASAFARI;;S0;;ok;S8b;ok;;5300000;ok;2024;ok;debt;ok;30300000;ok;стартап;false;false;частично;инвестор/собственник;данные о недвижимости;данные;EU;текст;;долговое финансирование $5,3 млн, 2024
entrata;Entrata;;S8a;S8a;ok;S8b;ok;;200000000;ok;2025;ok;C+;ok;707000000;ok;крупный вендор;false;false;частично;управляющая компания;управление недвижимостью;;US;штаб;;Series D, $200 млн, 15.05.2025, оценка $4,3 млрд
hover;Hover;;S2;;ok;"S5;S9";ok;S5a;;missing;;missing;C+;ok;152500000;range;стартап;true;false;частично;"подрядчик; страховщик";обмеры существующих зданий;;US;текст;;Series D (дата не подтверждена)
built;Built;;S1;;ok;S6;ok;;125000000;ok;2022;ambiguous;C+;ok;289100000;ok;стартап;true;false;частично;кредитор;кредитование строительства;финансы и страхование;US;текст;;Series D, $125 млн (ведущий инвестор TCV, Goldman Sachs, Index Ventures) + расширение $23,6 млн, июль 2022
cotality;Cotality (бывш. CoreLogic);;S0;;ok;S8b;ok;;;missing;;missing;none;ok;;missing;крупный вендор;true;false;частично;"инвестор/собственник; кредитор";данные о недвижимости;данные;US;штаб;;"частная компания (владельцы Stone Point и др.); раундов нет"
3d-repo;3D Repo;;S3;;ok;S6;ok;S6a;3033380;ok;2020;ok;A;ok;3000000;ok;стартап;true;false;частично;проектировщик;BIM-коллаборация и замечания;данные;UK;штаб;;Series A, £2,3 млн, 2020 (ведущий инвестор Ingenious)
academa;Academa;;S3;;ok;;missing;;;missing;;missing;none;ok;;missing;консалтинг-инжиниринг;true;false;частично;"проектировщик; подрядчик";расчёты конструкций (мосты);;EU;штаб;;н/д (частная компания)
aec-on;AEC-ON;;S3;;ok;;missing;;;missing;;missing;none;ok;;missing;консалтинг-инжиниринг;true;false;частично;"проектировщик; генподрядчик";BIM-консалтинг;данные;ES;текст;;н/д
aectual;Aectual;;S6;;ok;;missing;S6c;1800000;ok;;missing;unspecified;ambiguous;1800000;ok;стартап;true;false;частично;генподрядчик;заводское производство;;NL;штаб;;$1,8 млн от AKEF, DOEN Participations и др. (дата не подтверждена)
ai-bob;AI-BOB;;S3;;ok;S4;ok;;;missing;;missing;none;ok;;missing;стартап;true;false;частично;проектировщик;проверка проекта на соответствие нормам в BIM;комплаенс;EU;текст;;н/д (инвестор Capital T)
alloovium;Alloovium;;S6;;ok;S7;ok;;700000;ok;2026;ok;seed;ok;584000;estimate;стартап;true;false;частично;генподрядчик;документы и контракты;комплаенс;OTHER;текст;;Посевной раунд, $700 тыс., 2026 (Y Combinator, Startmate)
amrax-metaroom;Amrax (Metaroom);;S2;;ok;S6;ok;S6b;;missing;;missing;none;ok;;missing;стартап;true;false;частично;"проектировщик; генподрядчик";сканирование;;"US; EU";текст;;н/д (инвестор ArborEleven Ventures)
arbnco;arbnco;;S8a;S8a;ok;S3;ok;;;missing;2021;ok;unspecified;ambiguous;;missing;стартап;true;false;частично;"проектировщик; собственник";энергоэффективность действующих зданий: IoT и аналитика;;"US; UK";текст;;"н/д (инвестор Deepbridge Capital; грант $341 тыс., янв. 2021)"
archilabs;ArchiLabs;;S3;;ok;;missing;;;missing;2024;ok;none;ok;;missing;стартап;true;false;частично;проектировщик;проектирование дата-центров;;US;штаб;;"участник Y Combinator (по агрегатору, дек. 2024); сумма и условия финансирования не подтверждены"
asite;Asite;;S6;;ok;"S3;S7";ok;;;missing;;missing;none;ok;;missing;стартап;true;false;частично;"генподрядчик; проектировщик";платформа со средой общих данных (CDE);данные;"US; UK; ES; NL; EU; OTHER";глобальная;да;"не привлекала внешних денег (по агрегатору; самофинансирование)"
atom-modular;Atom Modular;;S6;;ok;;missing;S6c;;missing;;missing;none;ok;;missing;строитель;true;false;частично;застройщик;модульное строительство;;US;штаб;;н/д
augment;Augment;;S8a;S8a;ok;;missing;;49100;ok;2022;ok;unspecified;ambiguous;49100;ok;стартап;true;false;частично;управляющая компания;управление объектами;;EU;текст;;ранняя стадия: $49,1 тыс. и грант Министерства экономики Люксембурга (янв. 2022)
autodesk;Autodesk;;S3;;ok;"S6;S8a;S0;S5";ok;S6a;;missing;;missing;public;ok;;missing;крупный вендор;true;false;да;"проектировщик; генподрядчик";проектирование и управление стройкой (Revit, Autodesk Forma — ранее Construction Cloud);данные;"US; UK; ES; NL; EU; OTHER";глобальная;да;публичная компания (NASDAQ: ADSK)
bandora;Bandora;;S8a;S8a;ok;;missing;;1640000;ok;2024;ok;seed;ok;;missing;стартап;true;false;частично;н/д;ИИ-оптимизация систем отопления и вентиляции в коммерческих зданиях;;EU;штаб;;Посевной раунд, $1,64 млн, 07.08.2024 (ведущий инвестор BlueCrow)
bentley-systems;Bentley Systems;;S3;;ok;"S2;S6;S8a";ok;S6a;;missing;;missing;public;ok;;missing;крупный вендор;true;false;частично;"проектировщик; владелец инфраструктуры";инженерное ПО для инфраструктуры, весь цикл;данные;"US; UK; ES; NL; EU; OTHER";глобальная;да;публичная компания (NASDAQ: BSY)
bild-ai;Bild AI;;S5;;ok;S3;ok;S5a;3100000;ok;2025;ok;seed;ok;3500000;ok;стартап;true;false;частично;субподрядчик;обмер объёмов и сметы;;US;текст;;Посевной раунд, $3,1 млн, 2025 (ведущий инвестор Khosla Ventures)
bimcap;Bimcap;;S3;;ok;;missing;;;missing;;missing;none;ok;;missing;консалтинг-инжиниринг;true;false;частично;проектировщик;BIM-услуги;;"NL; OTHER";текст;;н/д
boxcore;Boxcore;;S6;;ok;;missing;S6d;;missing;;missing;none;ok;;missing;стартап;true;false;частично;генподрядчик;охрана труда;;"US; UK; EU";текст;;внешних денег не привлекала (поддержка Enterprise Ireland)
braincreators;BrainCreators;;S8a;S8a;ok;;missing;;;missing;2022;ok;seed;ok;2130000;ok;стартап;true;false;частично;владелец инфраструктуры;инспекции;;NL;штаб;;"посевной раунд, дек. 2022; гранты ЕС и EIC Fund"
brick-and-bolt;Brick & Bolt;;S3;;ok;S6;ok;;10000000;ok;2023;ok;A;ok;24100000;ok;строитель;true;false;частично;застройщик;проектно-строительная компания;;OTHER;текст;;Series A, $10 млн, 01.01.2023 (Accel, Celesta Capital, Foundamental)
cascade;Cascade;;S5;;ok;S0;ok;;3500000;ok;2026;ok;seed;ok;3500000;ok;стартап;true;false;частично;генподрядчик;поиск проектов и заявки;;US;штаб;;Посевной раунд, $3,5 млн, июль 2026 (ведущий инвестор a16z Speedrun)
causeway;Causeway Technologies;;S6;;ok;S5;ok;;;missing;;missing;none;ok;;missing;крупный вендор;true;false;частично;генподрядчик;ERP и коммерческое управление подрядчика;финансы и страхование;UK;штаб;;"частная компания, поддержка частного капитала; раундов нет"
cocrafter;CoCrafter;;S5;;ok;;missing;S5c;500000;ok;2024;ok;pre-seed;ok;250000;range;стартап;true;false;частично;генподрядчик;торговая площадка подрядчиков;;EU;текст;;предпосевной раунд, $500 тыс., апр. 2024 (Y Combinator W24) — по другому источнику внешних денег нет
continuum-industries;Continuum Industries;;S3;;ok;S0;ok;;10000000;ok;2023;ok;A;ok;15500000;ok;стартап;true;false;частично;"владелец инфраструктуры; проектировщик";проектирование инфраструктуры;;"US; UK";текст;;Series A, $10 млн, сент. 2023 (ведущий инвестор Singular)
converge;Converge;;S6;;ok;;missing;S6b;22000000;estimate;2025;ok;B;ok;40800000;ok;стартап;true;false;частично;генподрядчик;контроль хода и качества;;UK;штаб;;Series B, около $22 млн (€19,4 млн), 2025 (ведущий инвестор ABN AMRO Sustainable Impact Fund)
cype;CYPE Ingenieros;;S3;;ok;;missing;;;missing;;missing;none;ok;;missing;крупный вендор;true;false;частично;проектировщик;расчёты конструкций и BIM;;ES;текст;;"частная компания; раундов нет"
devscope;DevScope;;;;missing;;missing;;;missing;2023;ok;acquisition;ok;;missing;консалтинг-инжиниринг;true;false;частично;н/д;;;EU;штаб;;куплена фондом Explorer Investments, 10.07.2023
disperse;Disperse;OpenSpace;S6;;ok;;missing;S6b;;missing;2022;ambiguous;acquisition;ok;31000000;ok;крупный вендор;true;false;частично;генподрядчик;контроль хода и качества;;UK;штаб;;"$16 млн (£14,9 млн), 2022 (ведущий инвестор 2150); в октябре 2025 поглощена OpenSpace"
e-gloo;E-gloo;;S7;;ok;S8a;ok;;;missing;;missing;none;ok;;missing;стартап;true;false;частично;собственник;архив исполнительной документации на объекте;;EU;штаб;;н/д
elea-ic;ELEA iC;;S3;;ok;;missing;;;missing;;missing;none;ok;;missing;консалтинг-инжиниринг;true;false;частично;проектировщик;BIM-консалтинг;;EU;штаб;;н/д (частная инжиниринговая компания)
evercam;Evercam;;S6;;ok;;missing;S6b;10057000;ambiguous;2022;ambiguous;debt;ambiguous;;missing;стартап;true;false;частично;генподрядчик;контроль хода и качества;;"US; UK; ES; NL; EU; OTHER";широкий охват;;"€8,9 млн, окт. 2022 (ведущий инвестор Knocknagore Capital); позднее — венчурный долг €5 млн (Salica Investments)"
fenestrapro;FenestraPro;;S3;;ok;;missing;;;missing;;missing;none;ok;;missing;стартап;true;false;частично;проектировщик;проектирование фасадов;;EU;штаб;;н/д
finch-buildings;Finch Buildings;;S6;;ok;;missing;S6c;;missing;2024;ok;seed;ok;1190000;ok;строитель;true;false;частично;застройщик;модульное строительство;;NL;текст;;посевной раунд, мар. 2024, сумма не раскрыта
flowmanual;FlowManual;;S5;;ok;;missing;"S5a;S5b";;missing;;missing;none;ok;;missing;стартап;true;false;частично;генподрядчик;тендеры и сметы;;US;штаб;;"участник Y Combinator (набор S26); сумма и условия финансирования не подтверждены"
fresco;Fresco;;S5;;ok;;missing;S5a;;missing;;missing;none;ok;;missing;стартап;true;false;частично;субподрядчик;обмер объёмов и сметы;;US;текст;;н/д
fyld;Fyld;;S6;;ok;;missing;S6d;41000000;ok;2026;ok;B;ok;79500000;ok;стартап;true;false;частично;генподрядчик;охрана труда;;US;текст;;Series B, $41 млн (€34 млн), фев. 2026 (ведущий инвестор Energy Impact Partners)
gocontractor;GoContractor;;S6;;ok;;missing;;;missing;2024;ok;acquisition;ok;;missing;стартап;true;false;частично;генподрядчик;комплаенс подрядчиков;комплаенс;EU;штаб;;куплена компанией Safety Plus, июль 2024
growin;Growin;;;;missing;;missing;;;missing;;missing;none;ok;;missing;консалтинг-инжиниринг;true;false;частично;н/д;;;EU;штаб;;н/д (ИТ-аутсорсинг, не венчурная компания)
grupo-alava;Grupo Alava (Alava Ingenieros);;S3;;ok;S8a;ok;;;missing;;missing;none;ok;;missing;консалтинг-инжиниринг;true;false;частично;"проектировщик; собственник";инжиниринг;;ES;штаб;;н/д (частная инжиниринговая группа)
helonic;Helonic;;S3;;ok;S6;ok;S6a;;missing;;missing;none;ok;;missing;стартап;true;false;частично;"проектировщик; генподрядчик";координация проектных разделов;;US;штаб;;н/д (Y Combinator F25)
idom;IDOM;;S3;;ok;S8a;ok;;;missing;;missing;none;ok;;missing;консалтинг-инжиниринг;true;false;частично;"проектировщик; владелец инфраструктуры";инжиниринг;;"US; UK; ES; NL; EU; OTHER";вручную: офисы в Америке, Азии, Африке, Европе и на Ближнем Востоке;;н/д (частная инжиниринговая группа)
inspectmind;InspectMind AI;;S3;;ok;S4;ok;;500000;ok;2024;ok;pre-seed;ok;500000;ok;стартап;true;false;частично;"проектировщик; генподрядчик";проверка проекта;;US;штаб;;предпосевной раунд, $500 тыс., 01.03.2024 (Y Combinator W24)
karmen;Karmen;;S6;;ok;S5;ok;S6a;500000;ok;;missing;pre-seed;ok;500000;ok;стартап;true;false;частично;генподрядчик;график и управление проектом;;US;штаб;;предпосевной раунд, $500 тыс. (Y Combinator F24)
kodehyve;Kodehyve;;S6;;ok;"S8b;S0";ok;;2938000;ok;2022;ambiguous;seed;ok;4068000;ok;стартап;true;false;частично;застройщик;управление проектом застройщика: CRM по продажам, финансовый анализ;;EU;текст;;"€2,6 млн, 2022 (частный капитал); посевной раунд €1 млн, 2021"
lobo;Lobo;;S3;;ok;S8b;ok;;;missing;;missing;none;ok;;missing;консалтинг-инжиниринг;true;false;частично;"проектировщик; застройщик";архитектурная визуализация (услуга студии);;ES;текст;;н/д (частная студия)
mx3d;MX3D;;S6;;ok;;missing;S6c;7910000;ok;2025;ok;A;ok;12656000;estimate;стартап;true;false;частично;генподрядчик;заводское производство;;NL;штаб;;Series A, €7 млн, май 2025 (ведущий инвестор EDF Pulse Ventures)
nomoko;Nomoko;;S0;;ok;S2;ok;;;missing;;missing;none;ok;;missing;стартап;true;false;частично;"муниципалитет; застройщик";цифровой двойник города;;EU;штаб;;н/д
optimuse;Optimuse;;S3;;ok;"S9;S8a";ok;;4520000;estimate;2025;ok;seed;ok;;missing;стартап;true;false;частично;н/д;предпроектная подготовка реновации зданий: цифровой двойник, энергомодель, смета;;EU;текст;;посевной раунд, более €4 млн, 2025 (Seed + Speed, Blum Ventures)
opusense;Opusense AI;;S6;;ok;S7;ok;S6b;500000;ok;2025;ok;seed;ok;500000;ok;стартап;true;false;частично;генподрядчик;контроль хода и качества;;OTHER;штаб;;посевной раунд, $500 тыс., июнь 2025 (Y Combinator, Scale Asia Ventures)
permitify;Permitify;;S4;;ok;;missing;;500000;ok;;missing;pre-seed;ok;500000;ok;стартап;true;false;частично;"муниципалитет; проектировщик; застройщик; домостроитель";предварительная проверка проекта перед подачей и проверка для городов;;US;штаб;;предпосевной раунд, $500 тыс. (Y Combinator, Unpopular Ventures)
planetverify;PlanetVerify;;;;missing;;missing;;250000;ok;2022;ok;seed;ok;283000;ok;стартап;true;false;частично;генподрядчик;проверка персонала;комплаенс;EU;штаб;;посевной раунд, $250 тыс., 2022 (Newchip Accelerator и др.)
planradar;PlanRadar;;S6;;ok;"S7;S8a";ok;S6b;69500000;range;2022;ok;B;ok;131600000;ok;стартап;true;false;частично;генподрядчик;дефекты, инспекции и документы на площадке;;"US; UK; ES; NL; EU; OTHER";глобальная;да;Series B, $69–70 млн, янв. 2022
procore;Procore Technologies;;S6;;ok;S5;ok;S6a;;missing;;missing;public;ok;;missing;крупный вендор;true;false;да;генподрядчик;платформа управления строительством;финансы и страхование;"US; UK; ES; NL; EU; OTHER";глобальная;да;публичная компания (NYSE: PCOR)
q-bot;Q-Bot;;S9;;ok;S6;ok;S6c;4616013;ok;2023;ok;unspecified;ambiguous;6726190;estimate;стартап;true;false;частично;"собственник; жилищная организация";ретрофит;;UK;текст;;"£3,5 млн, сент. 2023 (ведущий инвестор EMV); ранее £1,6 млн, 2022"
rated-power;Rated Power;;S3;;ok;;missing;;;missing;2021;ambiguous;acquisition;ok;8580000;ok;стартап;true;false;частично;проектировщик;проектирование энергообъектов;;ES;штаб;;"Series A, €5,2 млн, окт. 2021 (ведущий инвестор Seaya Ventures); в сентябре 2022 куплена Enverus"
rudus;Rudus;;S5;;ok;;missing;S5a;;missing;2026;ok;none;ok;;missing;стартап;true;false;частично;субподрядчик;обмер объёмов и сметы;;US;штаб;;н/д (Y Combinator, весна 2026)
scoreboard-ai;Scoreboard.ai;;S5;;ok;;missing;S5a;;missing;;missing;none;ok;;missing;стартап;true;false;частично;н/д;разбор объёма работ по чертежам и спецификациям для субподрядных договоров;;;нет данных;;н/д
smart-bricks;Smart Bricks;;S0;;ok;S1;ok;;5000000;ok;2026;ok;pre-seed;ok;5000000;ok;стартап;true;false;частично;инвестор/собственник;инвестиционная аналитика;;OTHER;штаб;;предпосевной раунд, $5 млн, фев. 2026 (ведущий инвестор a16z Speedrun)
speckle;Speckle;;S3;;ok;S6;ok;;12500000;ok;2024;ok;A;ok;;missing;стартап;true;false;частично;проектировщик;платформа обмена данными моделей и проектов;данные;UK;штаб;;Series A, $12,5 млн (£9,6 млн), окт. 2024 (ведущий инвестор Addition)
spotr;Spotr;;S8a;S8a;ok;S6;ok;S6b;5085000;ok;2024;ambiguous;seed;ok;7930000;ok;стартап;true;false;частично;"собственник; управляющая компания";инспекции;;NL;штаб;;"Series A, €4,5 млн, 2024 (ведущий инвестор EDF Pulse Ventures); посевной раунд €2,5 млн, 2021"
standard-access;Standard Access;;S8a;S8a;ok;;missing;;;missing;;missing;none;ok;;missing;стартап;true;false;нет;управляющая компания;IoT;;;нет данных;;н/д
struck;Struck;;S4;;ok;S3;ok;;2260000;ok;2025;ok;seed;ok;2300000;estimate;стартап;true;false;частично;генподрядчик;нормы и комплаенс;комплаенс;EU;текст;;посевной раунд, €2 млн, нояб. 2025 (ведущий инвестор Value Factory Ventures, Antler)
structured-ai;Structured AI;;S3;;ok;;missing;;4200000;ok;2026;ok;seed;ok;5000000;ok;стартап;true;false;частично;проектировщик;проверка проекта;;US;штаб;;"посевной раунд, $4,2 млн, июнь 2026 (ведущий инвестор FCVC; Y Combinator F25)"
subvysion;SubVysion;;S2;;ok;S6;ok;;;missing;2026;ok;none;ok;;missing;стартап;true;false;частично;"владелец инфраструктуры; генподрядчик";изыскания подземных коммуникаций;;US;текст;;н/д (Y Combinator, лето 2026)
trunk-tools;Trunk Tools;;S6;;ok;;missing;S6a;40000000;ok;2025;ok;B;ok;70000000;ok;стартап;true;false;частично;генподрядчик;знания и документы на площадке;;;нет данных;;Series B, $40 млн, июль 2025 (ведущий инвестор Insight Partners)
vellum;Vellum;;S0;;ok;S3;ok;;121000;ok;2020;ok;pre-seed;ok;120000;ok;стартап;true;false;частично;застройщик;ТЭО и осуществимость;;NL;штаб;;предпосевной раунд, $121 тыс., 17.04.2020 (Antler)
viboo;viboo;;S8a;S8a;ok;;missing;;3729000;ok;2025;ok;unspecified;ambiguous;;missing;стартап;true;false;частично;управляющая компания;управление энергопотреблением и климатом зданий через IoT;;EU;текст;;"€3,3 млн, окт. 2025 (ведущий инвестор Realyze Ventures); дек. 2025 — инвестиция Rise PropTech Fund"
wallround;WALLROUND;;S9;;ok;"S3;S5;S6";ok;;4746000;ok;;missing;seed;ok;4746000;ok;стартап;true;false;частично;"собственник; жилищная организация; институциональный инвестор";энергоэффективная реновация: от анализа объекта до исполнения и контроля качества;;EU;текст;;посевной раунд, €4,2 млн (Vonovia и Founders Factory, совместная студия PropTech)
xbuild;XBuild;;S5;;ok;S9;ok;S5a;19000000;ok;2026;ok;A;ok;;missing;стартап;true;false;частично;"субподрядчик; страховщик";обмер объёмов и сметы;;US;текст;;"Series A, $19 млн, янв. 2026 (ведущий инвестор N47; Rackhouse Ventures, a16z)"
xyz-reality;XYZ Reality;;S6;;ok;;missing;S6b;26377218;ok;2021;ok;A;ok;34500000;ok;стартап;true;false;частично;генподрядчик;контроль хода и качества;;UK;штаб;;Series A, £20 млн, 2021 (ведущий инвестор Octopus Ventures)
zerodays;Zerodays;;;;missing;;missing;;;missing;;missing;none;ok;;missing;консалтинг-инжиниринг;false;false;частично;н/д;;;EU;штаб;;н/д
zigurat;Zigurat Global Institute of Technology;;;;missing;;missing;;;missing;;missing;none;ok;;missing;прочее;true;false;частично;проектировщик;образование;образование;ES;штаб;;н/д
zutec;ZuTec;;S7;;ok;"S6;S8a";ok;;;missing;;missing;none;ok;;missing;стартап;true;false;частично;"генподрядчик; собственник";документы сдачи;комплаенс;"UK; EU; OTHER";текст;;н/д
trimble;Trimble;;S6;;ok;"S2;S3";ok;S6a;;missing;;missing;public;ok;;missing;крупный вендор;true;false;да;"генподрядчик; проектировщик";комплексная платформа: измерения, проектирование, управление стройкой;;"US; UK; ES; NL; EU; OTHER";глобальная;да;публичная компания (NASDAQ: TRMB)
nemetschek;Nemetschek Group;Nemetschek;S3;;ok;"S6;S8a";ok;S6a;;missing;;missing;public;ok;;missing;крупный вендор;true;false;частично;"проектировщик; генподрядчик";"проектирование и работа с чертежами (Allplan, Graphisoft, Bluebeam); эксплуатация (Spacewell, Crem Solutions)";данные;"US; UK; ES; NL; EU; OTHER";глобальная;да;публичная компания
oracle-construction;Oracle Construction and Engineering;;S6;;ok;"S0;S8a";ok;S6a;;missing;;missing;none;ok;;missing;крупный вендор;true;false;частично;генподрядчик;управление графиком и проектами (Primavera, Aconex);данные;"US; UK; ES; NL; EU; OTHER";глобальная;да;подразделение публичной корпорации Oracle
rib-schneider;RIB Software (Schneider Electric);Schneider Electric;S5;;ok;S6;ok;S6a;;missing;2020;ok;acquisition;ok;;missing;крупный вендор;true;false;частично;генподрядчик;сметы и управление;финансы и страхование;EU;штаб;;куплена Schneider Electric в 2020 (оферта €1,4 млрд, сделка закрыта в июле 2020)
hexagon;Hexagon;;S2;;ok;S6;ok;;;missing;;missing;public;ok;;missing;крупный вендор;true;false;частично;"проектировщик; генподрядчик";изыскания и измерения;;"US; UK; ES; NL; EU; OTHER";глобальная;да;публичная компания
fieldwire-hilti;Fieldwire (Hilti);Hilti;S6;;ok;;missing;S6b;;missing;2021;ok;acquisition;ok;;missing;крупный вендор;true;false;частично;генподрядчик;управление на площадке;;"US; UK; ES; NL; EU; OTHER";текст;;куплена Hilti за около $300 млн, 2021
buildertrend;Buildertrend;;S6;;ok;S5;ok;;;missing;;missing;private-equity;ok;;missing;крупный вендор;true;false;частично;застройщик;управление проектом;финансы и страхование;US;текст;;частный капитал: Bain Capital, HGGC
togal-ai;Togal.AI;;S5;;ok;;missing;S5a;5000000;ok;;missing;seed;ok;17500000;ok;стартап;true;false;частично;субподрядчик;обмер объёмов и сметы;;US;штаб;;"pre-Series A (SAFE) $5 млн при оценке $50 млн (инвесторы Impact46, Mubadala и др.); дата не подтверждена"
bluebeam;Bluebeam (Nemetschek);Nemetschek;S6;;ok;"S3;S5";ok;"S5a;S6a";;missing;2014;ok;acquisition;ok;;missing;крупный вендор;true;false;частично;"генподрядчик; проектировщик";работа с чертежами в PDF: разметка, обмеры, совместная работа;;"US; UK; ES; NL; EU; OTHER";глобальная;да;куплена Nemetschek за $100 млн, окт. 2014
dodge;Dodge Construction Network;;S5;;ok;S0;ok;;;missing;;missing;private-equity;ok;;missing;стартап;true;false;частично;"генподрядчик; субподрядчик; производитель материалов";данные о планируемых проектах и заявки (project leads);;US;текст;;частный капитал: Clearlake Capital и Symphony Technology Group
dalux;Dalux;;S6;;ok;"S3;S8a";ok;;;missing;;missing;none;ok;;missing;стартап;true;false;частично;"генподрядчик; проектировщик; собственник";BIM на площадке: замечания, документы, обслуживание;данные;"US; UK; ES; NL; EU; OTHER";глобальная;да;"внешних денег не привлекала; принадлежит основателям"
revizto;Revizto;;S3;;ok;S6;ok;S6a;;missing;2024;ok;none;ok;;missing;стартап;true;false;частично;"проектировщик; генподрядчик";координация BIM-моделей, замечания;данные;"US; EU; OTHER";широкий охват;;"миноритарная (вторичная) инвестиция Summit Partners, 10.07.2024; сумма не раскрыта"
sablono;Sablono;;S6;;ok;;missing;S6a;5989000;ok;2021;ok;A;ok;7840000;ok;стартап;true;false;частично;генподрядчик;график и исполнение по тактовому планированию на площадке;;EU;штаб;;Series A, €5,3 млн, май 2021 (High-Tech Gründerfonds, Hasso Plattner Ventures, Nemetschek Allplan)
rib-spain-presto;RIB Spain (Presto);Schneider Electric;S5;;ok;"S3;S6";ok;S6a;;missing;;missing;none;ok;;missing;крупный вендор;true;false;частично;"проектировщик; генподрядчик; застройщик";сметы и обмеры в BIM, контроль затрат;;ES;текст;;входит в RIB Software (Schneider Electric)
ineight;InEight;;S6;;ok;S5;ok;S5a;;missing;2014;ok;none;ok;;missing;крупный вендор;true;false;частично;генподрядчик (капитальные проекты);управление затратами, графиком и рисками на капитальных проектах;финансы и страхование;US;штаб;;дочерняя компания Kiewit Corporation с 2014
sage-estimating;Sage Estimating (Sage Group);;S5;;ok;;missing;;;missing;;missing;public;ok;;missing;крупный вендор;true;false;частично;генподрядчик;обмер объёмов и сметы;финансы и страхование;US;текст;;публичная компания Sage Group (LSE)
dassault;Dassault Systèmes;;S3;;ok;S6;ok;S6c;;missing;;missing;public;ok;;missing;крупный вендор;true;false;частично;"проектировщик; промышленный строитель";3D-проектирование и платформа 3DEXPERIENCE (сегмент архитектуры, инженерии и стройки);;"US; UK; ES; NL; EU; OTHER";глобальная;да;публичная компания
newforma;Newforma;;S3;;ok;S6;ok;S6a;;missing;;missing;private-equity;ok;;missing;стартап;true;false;частично;"проектировщик; генподрядчик; собственник";управление информацией проекта, замечания, RFI;данные;US;штаб;;частный капитал: портфельная компания Ethos Capital
siemens;Siemens (Digital Industries Software, Xcelerator);;S3;;ok;S8a;ok;;;missing;;missing;public;ok;;missing;крупный вендор;true;false;да;"проектировщик; промышленный строитель; собственник";"ПО для проектирования и платформа Xcelerator; автоматизация зданий";;"US; UK; ES; NL; EU; OTHER";глобальная;да;публичная компания
hilti;Hilti Group;Hilti;S6;;ok;"S5;S3";ok;;;missing;;missing;none;ok;;missing;крупный вендор;true;false;да;"генподрядчик; субподрядчик";инструменты, крепёж и ПО для стройки (Fieldwire, 4PS);;"US; UK; ES; NL; EU; OTHER";глобальная;да;частная группа
esri;Esri;;S0;;ok;"S2;S8a";ok;;;missing;;missing;none;ok;;missing;крупный вендор;true;false;частично;"муниципалитет; владелец инфраструктуры; проектировщик";геоинформационные системы (ГИС): анализ территории и инфраструктуры;;"US; UK; ES; NL; EU; OTHER";глобальная;да;частная компания, принадлежит основателям
planon;Planon;Schneider Electric;S8a;S8a;ok;;missing;;;missing;2024;ok;none;ok;;missing;крупный вендор;true;false;частично;"управляющая компания; собственник";ПО для управления зданиями и рабочими местами;;"NL; EU; OTHER";широкий охват;;Schneider Electric увеличила долю до 80% (июль 2024)
cmic;CMiC;;S6;;ok;S5;ok;;;missing;;missing;none;ok;;missing;стартап;true;false;частично;генподрядчик (крупный);ERP и управление площадкой для крупных подрядчиков;;"US; OTHER";текст;;частная компания, самофинансирование
foundation-software;Foundation Software;;S6;;ok;;missing;;;missing;;missing;none;ok;;missing;стартап;true;false;частично;"генподрядчик; субподрядчик (малый и средний)";бухгалтерия, расчёт зарплаты и учёт затрат подрядчика;;US;штаб;;принадлежит Thoma Bravo (по агрегатору)
openspace;OpenSpace;OpenSpace;S6;;ok;;missing;;;missing;;missing;unspecified;ambiguous;102000000;estimate;стартап;true;false;частично;генподрядчик;съёмка 360° и контроль хода работ;;US;штаб;;"н/д; по Yahoo Finance привлекла около $102 млн"
dusty-robotics;Dusty Robotics;;S6;;ok;;missing;;45000000;ok;2022;ok;B;ok;69000000;estimate;стартап;true;false;частично;"генподрядчик; субподрядчик";робот-принтер разметки по BIM на строительной площадке (FieldPrinter);;US;штаб;;Series B, $45 млн, май 2022 (лид Scale Venture Partners)
idox;Idox;;S4;;ok;;missing;;;missing;2026;ok;acquisition;ok;;missing;стартап;true;false;да;муниципалитет;системы планирования, строительного контроля и экологического надзора для органов власти;;UK;текст;;"куплена Long Path Partners через Frankel UK Bidco: о завершении приобретения сообщено 05–06.05.2026 (£339,5 млн по полностью разводнённому капиталу); отмена допуска к торгам на AIM — с 29.05.2026"
elecosoft;Elecosoft;;S6;;ok;S5;ok;;;missing;;missing;none;ok;;missing;стартап;true;false;частично;"генподрядчик; субподрядчик";календарное планирование стройки (Powerproject) и ПО для подрядчиков;;"US; UK; NL; EU";текст;;шведское подразделение принадлежит Eleco plc с 2003
nbs;NBS (Hubexo);;S3;;ok;S5;ok;;;missing;2020;ok;acquisition;ok;;missing;стартап;true;false;частично;"проектировщик; подрядчик";спецификации и данные о строительной продукции (NBS Source, Specify);;UK;штаб;;в ноябре 2020 продана Byggfakta Group (ныне Hubexo)
access-construction;The Access Group (строительное направление);;S6;;ok;S5;ok;;;missing;;missing;private-equity;ok;1490000000;estimate;стартап;true;false;частично;"генподрядчик; субподрядчик";ERP и управление проектами для подрядчиков;;"US; UK; ES; NL; EU; OTHER";широкий охват;;частный капитал (Hg, Lyceum Capital), привлечено около $1,49 млрд
pro4all;Pro4all;;S6;;ok;S7;ok;;;missing;2022;ok;acquisition;ok;;missing;стартап;true;false;частично;"генподрядчик; собственник";управление документами и качеством на стройке;;"NL; EU";текст;;куплена Main Capital Partners, апрель 2022
4ps;4PS;Hilti;S6;;ok;S5;ok;;;missing;2023;ok;acquisition;ok;;missing;крупный вендор;true;false;частично;"генподрядчик; подрядчик по инженерным системам";ERP для строительства на Microsoft Dynamics 365;;"UK; NL; EU";текст;;куплена Hilti: сделка объявлена в июле 2023, завершена 05.10.2023 после одобрения регуляторов
kraan;Kraan Bouwcomputing;;S6;;ok;S5;ok;;;missing;2019;ok;acquisition;ok;;missing;стартап;true;false;частично;"генподрядчик; подрядчик";учёт, калькуляция и документы для подрядчика;;NL;штаб;;куплена Nedvest, конец 2019
ed-controls;Ed Controls;;S6;;ok;;missing;;;missing;;missing;none;ok;;missing;стартап;true;false;частично;"генподрядчик; подрядчик";контроль качества и коммуникация на площадке;;"UK; NL; EU; OTHER";текст;;н/д
bouwconnect;BouwConnect;;S3;;ok;;missing;;;missing;;missing;none;ok;;missing;стартап;true;false;частично;"проектировщик; подрядчик";библиотека BIM-объектов и ПО для BIM;;NL;штаб;;н/д
ayesa;Ayesa;;S3;;ok;S6;ok;;;missing;;missing;none;ok;;missing;консалтинг-инжиниринг;true;false;частично;"владелец инфраструктуры; проектировщик";инжиниринг, архитектура и ИТ-услуги;;ES;штаб;;н/д (частная группа)
sener;Sener;;S3;;ok;S6;ok;;;missing;;missing;none;ok;;missing;консалтинг-инжиниринг;true;false;частично;владелец инфраструктуры;инжиниринг и технологии;;ES;штаб;;н/д (частная группа)
ineco;Ineco;;S3;;ok;S8a;ok;;;missing;;missing;none;ok;;missing;консалтинг-инжиниринг;true;false;частично;владелец инфраструктуры;инжиниринг транспортной инфраструктуры;;ES;штаб;;н/д
checktobuild;CHECKtoBUILD;;S6;;ok;;missing;;1300000;ok;2023;ok;unspecified;ambiguous;1300000;ok;стартап;true;false;частично;"генподрядчик; застройщик";сравнение облака точек площадки с BIM-моделью и отчёт об отклонениях;;"US; ES";текст;;$1,3 млн, декабрь 2023 (лид шведский семейный офис Kulldorff)
itec;ITeC (TCQ, BEDEC);;S5;;ok;"S3;S6";ok;;;missing;;missing;none;ok;;missing;стартап;true;false;частично;"проектировщик; генподрядчик; застройщик";сметы и планирование (TCQ) и банк цен и экологических данных (BEDEC);данные;ES;штаб;;частный фонд без извлечения прибыли
eqa;EQA (Gestiona Licencias);;S4;;ok;;missing;;;missing;;missing;none;ok;;missing;консалтинг-инжиниринг;true;false;частично;"застройщик; проектировщик; муниципалитет";уполномоченная организация по проверке и оформлению градостроительных лицензий и платформа Gestiona Licencias;;ES;штаб;;н/д (частная компания)
roxit;Roxit (Visma Roxit);;S4;;ok;;missing;;;missing;2015;ambiguous;acquisition;ok;;missing;стартап;true;false;частично;муниципалитет;ПО для планов и документов по закону об окружающей среде (Rx.Base) и публикации в DSO;комплаенс;NL;текст;;куплена Main Capital (2015), затем Visma: сообщение Visma от 11.02.2019
xxllnc;xxllnc;;S4;;ok;;missing;;;missing;;missing;none;ok;;missing;стартап;true;false;частично;муниципалитет;ПО для документов окружающей среды, правил и разрешений (DSO);комплаенс;NL;текст;;н/д
giskit;GISkit;;S4;;ok;;missing;;;missing;;missing;none;ok;;missing;стартап;true;false;частично;муниципалитет;ПО для планов по закону об окружающей среде;;NL;текст;;н/д
cadac;Cadac Group (направление для органов власти, бывш. NedGraphics);;S4;;ok;;missing;;;missing;;missing;none;ok;;missing;стартап;true;false;частично;муниципалитет;ПО для планов по закону об окружающей среде;;NL;текст;;н/д
costx;CostX (RIB);Schneider Electric;S5;;ok;;missing;;;missing;;missing;none;ok;;missing;крупный вендор;true;false;частично;"сметчик; генподрядчик";цифровой обмер объёмов и сметы для сметчиков;;UK;текст;;н/д
cubit;Cubit (Buildsoft);;S5;;ok;;missing;;;missing;;missing;none;ok;;missing;стартап;true;false;частично;"генподрядчик; субподрядчик";обмер площадей, длин и количеств по двумерным чертежам;;UK;текст;;н/д
candy;Candy (RIB);Schneider Electric;S5;;ok;S6;ok;;;missing;;missing;none;ok;;missing;крупный вендор;true;false;частично;подрядчик по гражданскому строительству;сметы и обмеры для гражданского строительства (по стандарту CESMM4);;UK;текст;;н/д
cegid-menfis;Cegid Menfis / Menfis GO;Cegid;S5;;ok;S6;ok;;;missing;;missing;none;ok;;missing;крупный вендор;true;false;частично;"проектировщик; генподрядчик";сметы, обмеры и сертификации;;ES;текст;;продукт группы Cegid (иностранная группа)
sigrid;Cegid Sigrid ERP (Professional Software);Cegid;S6;;ok;"S5;S8a";ok;;;missing;;missing;none;ok;;missing;крупный вендор;true;false;частично;генподрядчик;ERP для подрядчиков: затраты, отклонения по объектам, управление отделами;;ES;текст;;продукт группы Cegid (иностранная группа)
brickcontrol;BrickControl;;S6;;ok;S5;ok;;;missing;;missing;none;ok;;missing;стартап;true;false;частично;генподрядчик;облачное планирование, бюджеты и управление строительными проектами;;ES;текст;;н/д
istram;Istram;;S3;;ok;"S2;S5";ok;;;missing;;missing;none;ok;;missing;стартап;true;false;частично;"проектировщик; подрядчик по гражданскому строительству";проектирование и обмеры для гражданского и дорожного строительства;;ES;текст;;н/д
bimetica;Bimetica;;S3;;ok;;missing;;;missing;;missing;none;ok;;missing;стартап;true;false;частично;"проектировщик; дистрибьютор/производитель";библиотека BIM-объектов для проектировщиков и производителей;;ES;текст;;н/д
construsoft;Construsoft (дистрибьютор Tekla);;S3;;ok;S6;ok;;;missing;;missing;none;ok;;missing;стартап;true;false;частично;"проектировщик; подрядчик";дистрибьютор Tekla (Trimble) в Испании и Латинской Америке: BIM для конструкций;;ES;текст;;н/д
saalg;SAALG;;S6;;ok;S2;ok;;;missing;;missing;none;ok;;missing;стартап;true;false;частично;"генподрядчик; собственник";контроль проекта с ИИ: геотехника и ход работ;;ES;текст;;н/д
011h;011h;;S3;;ok;"S6;S7";ok;;;missing;;missing;none;ok;;missing;строитель;true;false;частично;"застройщик; генподрядчик";цифровая платформа интегратора: проектирование по каталогу готовых решений и строительство с сетью производителей;;ES;текст;;н/д
aridditive;Aridditive;;S6;;ok;;missing;;;missing;;missing;none;ok;;missing;стартап;true;false;частично;"генподрядчик; производитель сборных элементов";3D-печать бетоном и прослеживаемость;;ES;текст;;н/д
hoprin;Hoprin;;S6;;ok;;missing;;;missing;;missing;none;ok;;missing;стартап;true;false;нет;генподрядчик;роботы для строительной площадки;;ES;текст;;н/д
arcus-global;Arcus Global;;S4;;ok;;missing;;;missing;;missing;none;ok;;missing;стартап;true;false;частично;муниципалитет;ПО на Salesforce для планирования, строительного контроля и разрешений;;UK;текст;;н/д
nec-software;NEC Software Solutions;;S4;;ok;;missing;;;missing;;missing;none;ok;;missing;крупный вендор;true;false;частично;муниципалитет;программы для органов власти (по обзору — в том числе планирование);;UK;текст;;н/д
civica;Civica;;S4;;ok;;missing;;;missing;;missing;none;ok;;missing;крупный вендор;true;false;частично;муниципалитет;программы для местных органов власти (планирование — не подтверждено);;UK;текст;;н/д
barnbrook;Barnbrook Software (AIP);;S4;;ok;;missing;;;missing;;missing;none;ok;;missing;стартап;true;false;частично;орган строительного контроля;рабочий процесс для частных органов строительного контроля (Approved Inspector Professional);;UK;текст;;н/д
planning-portal;Planning Portal (TerraQuest);;S4;;ok;;missing;;;missing;2020;ok;acquisition;ok;;missing;стартап;true;false;частично;"застройщик; проектировщик";национальный путь подготовки и подачи заявок на планирование (сторона заявителя);;UK;текст;;в 2020 TerraQuest продана Apse Capital за £72 млн (вторичный источник)
uk-planning-gateway;UK Planning Gateway;;S4;;ok;;missing;;;missing;;missing;none;ok;;missing;стартап;true;false;частично;проектировщик;подготовка и подача заявок на планирование для архитекторов и технологов;;UK;текст;;н/д
planx;PlanX (Open Digital Planning);;S4;;ok;;missing;;;missing;;missing;none;ok;;missing;прочее;true;false;да;муниципалитет;государственный конструктор цифровых услуг планирования для советов (низкий код);;UK;текст;;проект, финансируемый государством
searchland;SearchLand;;S0;;ok;S1;ok;;;missing;;missing;none;ok;3000000;estimate;стартап;true;false;частично;"застройщик; инвестор/собственник";поиск участков, история разрешений и оповещения;;UK;текст;;инвестор Fuel Ventures (внешний профиль)
landtech;LandTech;;S0;;ok;S1;ok;;;missing;;missing;none;ok;69200000;estimate;стартап;true;false;частично;застройщик;поиск и первичная оценка участков для застройщиков;;UK;текст;;н/д
urban-intelligence;Urban Intelligence;;S0;;ok;;missing;;;missing;;missing;none;ok;;missing;стартап;true;false;частично;застройщик;анализ планирования и земли;;UK;текст;;н/д
centric-leefomgeving;Centric (Leefomgeving, VTH);;S4;;ok;;missing;;;missing;;missing;none;ok;;missing;крупный вендор;true;false;частично;муниципалитет;программа выдачи разрешений, надзора и контроля (VTH) для публичных органов;;NL;текст;;н/д
genetics;Genetics (PowerBrowser);;S4;;ok;;missing;;;missing;;missing;none;ok;;missing;стартап;true;false;частично;муниципалитет;ведение дел VTH, ГИС и административная система;;NL;текст;;н/д
testfit;TestFit;;S0;;ok;"S3;S5";ok;;20000000;ok;2022;ok;A;ok;22000000;ok;стартап;true;false;частично;"застройщик; проектировщик";поиск вариантов застройки участка и ТЭО;;US;штаб;;Series A, $20 млн, 26.07.2022 (ведущий инвестор Parkway Venture Capital)
skyciv;SkyCiv;;S3;;ok;;missing;;;missing;;missing;none;ok;;missing;стартап;true;false;частично;проектировщик;облачные расчёты строительных конструкций;;"US; UK; ES; NL; EU; OTHER";широкий охват;;внешних инвестиций нет: компания называет себя самофинансируемой
nplan;nPlan;;S6;;ok;S5;ok;;15694444;ok;2025;ok;B;ok;;missing;стартап;true;false;частично;"генподрядчик; собственник";прогноз рисков и срыва графика проекта;данные;"UK; OTHER";текст;;"Series B, £11,9 млн (около $16 млн), 17.10.2025 (ведущий инвестор CapHorn; также Chevron Technology Ventures, Suffolk Technologies, GV, Pentech Ventures, LocalGlobe)"
one-click-lca;One Click LCA;;S3;;ok;S0;ok;;45200000;ok;2023;ok;unspecified;ambiguous;45200000;ok;стартап;true;false;частично;"проектировщик; производитель материалов";оценка углеродного следа и жизненного цикла зданий, экологические декларации (EPD);комплаенс;"US; UK; ES; NL; EU; OTHER";широкий охват;;€40 млн, 28.11.2023 (PSG и InfraVia)
madaster;Madaster;;S7;;ok;"S8a;S9;S3";ok;;;missing;2019;ok;debt;ok;4000000;estimate;стартап;true;false;частично;"собственник; проектировщик";паспорта материалов здания и показатели циркулярности;данные;"NL; UK; EU";текст;;"заём Фонда «Зелёный, здоровый, умный» (Economic Board Utrecht), 17.01.2019; сумма не указана"
yardi;Yardi;;S8a;S8a;ok;"S8b;S5;S6";ok;;;missing;;missing;none;ok;;missing;стартап;true;false;частично;"управляющая компания; собственник";ПО для управления недвижимостью;;"US; UK; NL; EU; OTHER";широкий охват;;частная компания
mri-software;MRI Software;;S8a;S8a;ok;S8b;ok;;10000000000;ok;2025;ok;debt;ok;;missing;стартап;true;false;частично;"управляющая компания; собственник";ПО для управления недвижимостью и объектами, аренда и учёт;;"US; UK; ES; NL; EU; OTHER";глобальная;да;"частная компания: владельцы TA Associates, GI Partners, Harvest Partners; в сентябре 2025 сообщалось о продаже или IPO с оценкой до $10 млрд с учётом долга"
