вид;ниша_или_подкатегория;стартапов
подкатегория (точное совпадение);обмер объёмов и сметы;7
подкатегория (точное совпадение);контроль хода и качества;7
подкатегория (точное совпадение);график и управление проектом;3
подкатегория (точное совпадение);роботы;3
подкатегория (точное совпадение);инвестиционная аналитика;3
подкатегория (точное совпадение);комплаенс подрядчиков;2
подкатегория (точное совпадение);заводское производство;2
подкатегория (точное совпадение);охрана труда;2
подкатегория (точное совпадение);инспекции;2
подкатегория (точное совпадение);проверка проекта;2
кластер по словам (см. findings);обмер объёмов и сметы;15
кластер по словам (см. findings);контроль хода и качества на площадке;11
кластер по словам (см. findings);разрешения и согласование;5
кластер по словам (см. findings);проверка проекта и норм;4
кластер по словам (см. findings);управление проектом, график, документы;8
кластер по словам (см. findings);роботы и техника;9
кластер по словам (см. findings);эксплуатация зданий;1
кластер по словам (см. findings);анализ участков и инвестиций;14
