этап;название;стартапов_с_раундом_2025_2026;компании
S0;Стратегия и участки;2;"Fifth Dimension; Smart Bricks"
S1;Сделка и финансирование;0;
S2;Изыскания;0;
S3;Проектирование;4;"Endra; Higharc; Optimuse; Structured AI"
S4;Разрешения и экспертиза;3;"PermitFlow; GreenLite; Struck"
S5;Подготовка к стройке;6;"Bobyard; MeltPlan; Parspec; Bild AI; Cascade; XBuild"
S6;Строительство;13;"1001 AI; Bedrock Robotics; Foresight; Monumental; Xpanner; Adaptive; Alloovium; Converge; Fyld; MX3D; Opusense AI; Trunk Tools; nPlan"
S7;Ввод и передача;1;Digs
S8a;Эксплуатация;0;
S8b;Аренда и продажа;1;Zefir
S9;Реновация и конец цикла;0;
