этап;США (подтверждено);Великобритания (подтверждено);Испания (подтверждено);Нидерланды (подтверждено);Другая Европа (подтверждено);Вне США и Европы (подтверждено);США (по штабу);Великобритания (по штабу);Испания (по штабу);Нидерланды (по штабу);Другая Европа (по штабу);Вне США и Европы (по штабу)
S0;4;6;1;1;2;3;4;0;0;1;1;1
S1;1;2;0;0;0;0;1;0;0;0;0;1
S2;3;0;2;0;1;0;0;0;0;0;1;0
S3;8;7;7;5;10;5;9;3;2;2;2;0
S4;1;5;0;5;2;0;3;0;0;0;0;0
S5;10;5;3;3;6;4;11;1;1;1;0;0
S6;20;14;11;10;16;14;12;4;1;4;2;1
S7;3;4;2;4;5;4;1;0;0;0;1;1
S8a;6;7;3;5;9;5;1;0;0;2;2;0
S8b;3;3;1;2;4;4;3;0;0;0;0;0
S9;2;2;0;1;3;0;0;0;0;0;0;0
