ключ;страна;low;base;high;единица;источник;дата;оценка;примечание
fx_usd_per_eur;ALL;1.13;1.13;1.13;USD за EUR;ECB reference rate EXR.A.USD.EUR.SP00.A (среднее за 2025: 1.12998);2025;A;один курс для всех пересчётов
fx_gbp_per_eur;ALL;0.8568;0.8568;0.8568;GBP за EUR;ECB EXR.A.GBP.EUR.SP00.A (среднее за 2025);2025;A;USD за GBP = 1.13/0.8568 = 1.319
S0_s;ALL;1;1;1;мест на фирму;допущение: один платный доступ на фирму;2026-10;D;
S0_P;ALL;1800;3000;6000;USD в год на фирму;SearchLand £195/мес и LandTech Pro £150/мес с публичных страниц цен (поиск 2026-10-02), high — допущение;2026-10;B/C;нижняя граница £150*12*1.319 = \.4K, low занижен для малых фирм
S0_A;ALL;0.3;0.5;0.7;доля;допущение: не каждый застройщик ищет участки программой;2026-10;D;
S0_D;ALL;0.3;0.4;0.5;доля;допущение без источника;2026-10;D;
S0_L68_weight;ALL;0.05;0.1;0.15;доля фирм L68;допущение: доля фирм недвижимости/инвесторов, кому нужен поиск участков;2026-10;D;
S1_s;ALL;0.01;0.02;0.04;доля занятых K64;допущение: доля занятых в финансах, работающих с кредитами застройщикам и объектами;2026-10;D;самый слабый вход всей модели
S1_P;ALL;1500;3000;6000;USD в год на место;допущение (цены ПО для кредитования не опубликованы);2026-10;D;
S1_A;ALL;1;1;1;доля;;2026-10;D;
S1_D;ALL;0.3;0.4;0.5;доля;допущение без источника;2026-10;D;
S2_s;ALL;0.03;0.06;0.10;доля занятых M71;допущение: изыскатели и специалисты по сканированию;2026-10;D;
S2_P;ALL;1200;2500;4000;USD в год на место;допущение (по ПО обработки облаков точек публичных цен не собрано);2026-10;D;
S2_A;ALL;1;1;1;доля;;2026-10;D;
S2_D;ALL;0.3;0.4;0.5;доля;допущение без источника;2026-10;D;
S3_s;ALL;0.35;0.45;0.6;доля занятых M71;допущение: проектировщики среди занятых архитектурой и инженерией;2026-10;D;
S3_P;ALL;1200;2500;3000;USD в год на место;Revit около $2,915–3,005, Archicad $2,414/$2,840 (публичные цены, поиск 2026-10-02), low — смесь с дешёвыми САПР;2026-10;B;
S3_A;ALL;0.8;0.9;1;доля;допущение;2026-10;D;
S3_D;ALL;0.6;0.7;0.8;доля;BIM-внедрение: Великобритания 73%, Нидерланды 78% (PlanRadar/USP обзор, оценка C), Испания ниже, для остальных — допущение;2026-10;C;
S4_P_US;US;4000;12000;30000;USD в год на орган;допущение: типичный контракт малого органа, Epsom £276,340 (~$364K) — верхний полюс;2026-10;D;
S4_P_UK;UK;20000;60000;150000;USD в год на орган;тендер Epsom £276,340 и Blackburn (Parallel, 2026-09), средний — допущение;2026-10;C/D;
S4_P_ES;ES;2000;6000;15000;USD в год на орган;допущение;2026-10;D;
S4_P_NL;NL;20000;50000;100000;USD в год на орган;допущение;2026-10;D;
S4_N_US;US;22522;22522;22522;органов;Census of Governments 2022: 19,491 муниципалитетов + 3,031 графств (посёлки/townships 16,214 не включены);2022;A;часть органов не выдаёт разрешений самостоятельно
S4_N_UK;UK;280;280;280;органов;Англия 62 унитарных + 164 районных, Шотландия 32, Уэльс 22 (Северная Ирландия не включена);2026;B;
S4_N_ES;ES;8131;8131;8131;органов;число муниципалитетов Испании (INE/Минфин);2025;A;большинство очень малы
S4_N_NL;NL;342;342;342;органов;число муниципалитетов Нидерландов;2025;A;
S4_A_US;US;0.2;0.3;0.4;доля органов;допущение: доля органов, платящих за ПО разрешений;2026-10;D;
S4_A_UK;UK;0.7;0.85;1;доля органов;допущение;2026-10;D;
S4_A_ES;ES;0.1;0.2;0.3;доля органов;допущение: малые муниципалитеты редко покупают;2026-10;D;
S4_A_NL;NL;0.6;0.8;1;доля органов;допущение;2026-10;D;
S4_D;ALL;0.3;0.5;0.7;доля;допущение без источника;2026-10;D;
S5_s;ALL;0.01;0.02;0.03;доля занятых F41–F43;допущение: сметчики и специалисты по тендерам и закупкам;2026-10;D;
S5_P;ALL;1500;3000;3600;USD в год на место;STACK $249–299/мес, Togal.AI $299/мес (публичные цены, поиск 2026-10-02);2026-10;B;
S5_A;ALL;0.5;0.7;0.9;доля;допущение;2026-10;D;
S5_D;ALL;0.2;0.3;0.4;доля;допущение без источника;2026-10;D;
S6_s;ALL;0.03;0.06;0.10;доля занятых F41–F43;допущение: менеджеры и прорабы с доступом к платформе;2026-10;D;
S6_P;ALL;700;1200;2400;USD в год на место;Autodesk Build $700–1,680, Bluebeam $260–590, PlanRadar €26–129/мес (публичные цены);2026-10;B;модель на объём: Procore около 0.1–0.2% объёма (оценка C) — используется как проверка
S6_A;ALL;0.6;0.8;1;доля;допущение;2026-10;D;
S6_D;ALL;0.3;0.4;0.5;доля;допущение без источника;2026-10;D;
S6_RaaS;ALL;0;0;0;USD;цены роботов по подписке в открытом доступе не найдены, значение не выдумано;2026-10;D;не включено в итог
S7_s;ALL;0.01;0.02;0.03;доля занятых F41–F43;допущение: ответственные за исполнительную документацию;2026-10;D;
S7_P;ALL;700;1200;2400;USD в год на место;по аналогии с S6;2026-10;D;
S7_A;ALL;0.5;0.7;0.9;доля;допущение;2026-10;D;
S7_D;ALL;0.15;0.25;0.35;доля;допущение без источника;2026-10;D;
S8a_s;ALL;0.10;0.20;0.30;доля занятых L68 (+10% N81);допущение: управляющий персонал;2026-10;D;
S8a_P;ALL;600;1200;2400;USD в год на место;допущение;2026-10;D;
S8a_A;ALL;1;1;1;доля;;2026-10;D;
S8a_D;ALL;0.4;0.5;0.6;доля;допущение без источника;2026-10;D;
S8b_s;ALL;0.2;0.3;0.4;доля занятых L68;допущение: брокеры, оценщики, инвестиционные менеджеры;2026-10;D;
S8b_P;ALL;800;1500;3000;USD в год на место;допущение;2026-10;D;
S8b_A;ALL;1;1;1;доля;;2026-10;D;
S8b_D;ALL;0.5;0.6;0.7;доля;допущение без источника;2026-10;D;самая слабая клетка наравне с S1
S9_s;ALL;0.003;0.006;0.01;доля занятых F41–F43;допущение: специалисты по реновации и ретрофиту;2026-10;D;
S9_P;ALL;1500;3000;6000;USD в год на место;допущение;2026-10;D;
S9_A;ALL;1;1;1;доля;;2026-10;D;
S9_D;ALL;0.1;0.2;0.3;доля;допущение без источника;2026-10;D;
Dmult;ES;0.5;0.7;0.9;множитель внедрения;допущение: цифровизация Испании ниже;2026-10;D;применяется ко всем D кроме S4
Dmult;NL;0.8;0.95;1;множитель внедрения;допущение;2026-10;D;
Dmult;UK;0.9;1;1;множитель внедрения;допущение;2026-10;D;
Dmult;US;0.9;1;1;множитель внедрения;допущение;2026-10;D;
US_F411_proxy;US;0.15;0.2;0.25;доля фирм NAICS 236;допущение: аналог NACE F41.1 (застройщики) в США;2026-10;D;
td_US_software;US;1960;1960;4100;USD млн;аналитики: США $1.96 млрд (2026), Северная Америка $4.58 млрд (Fortune BI, 2025) × ~0.9 для США;2025-2026;C;сверху вниз, строительные программы (S2–S7, S9)
td_UK_software;UK;300;610;610;USD млн;Европа $3.36 млрд (2025) × доля Великобритании 18.2%, 2025;C;пересчёт доли региона на страну; low — допущение (половина)
td_construction_US;US;2164400;2164400;2164400;USD млн;Census, объём работ 2025 (номинал);2025;A;
td_construction_UK;UK;183000;183000;183000;USD млн;ONS: новые работы GB 2023 £139,029 млн × 1.319;2023;A;только новые работы, ремонт не включён
td_construction_ES;ES;92230;92230;92230;USD млн;Eurostat nama_10_a10, валовая добавленная стоимость F, 2024: €81,632 млн × 1.13;2024;A;добавленная стоимость, не выпуск: занижает объём примерно вдвое
td_construction_NL;NL;57800;57800;57800;USD млн;Eurostat nama_10_a10, валовая добавленная стоимость F, 2024: €51,148 млн × 1.13;2024;A;то же
td_ratio;ALL;0.0009;0.0019;0.0033;доля объёма строительства;США 1.96/2164 = 0.09%, Великобритания 0.61/183 = 0.33%, середина — допущение;2025;C;для Испании и Нидерландов сверху вниз = объём × доля
