id;компания;офисы_и_дубли;сайт;список_источника;тип_организации;профиль_по_списку;этапы_основные;этапы_дополнительные;роль_клиента;подкатегория;рынки_цель;штаб_город;штаб_страна;размер_сотрудников;последний_раунд;привлечено;год_основания;выручка;источники_данных;данные_проверены;примечание
bobyard;Bobyard;;bobyard.com;список 1;продукт;AI takeoff и сметы для субподрядчиков;S5;S5a;субподрядчик;takeoff и сметы;н/д;San Francisco;США;"81 (на 31.07.2026, один агрегатор; другие источники дают иные цифры)";Series A, $35 млн, дек. 2025 (лид 8VC);$73,9 млн за 3 раунда (агрегатор);2023;не раскрыта;https://www.businesswire.com/news/home/20251210946193/en/Bobyard-Raises-$35-Million-Series-A-to-Power-How-the-World-Gets-Built https://tracxn.com/d/companies/bobyard/__IDEttZmVgz6sEYZ1CoNtgfRsxhMB0sxGHiBNtHDBPLE;частично: агрегаторы и пресс-релизы, не первоисточник;Tracxn/PitchBook дают штаб Cupertino, список основателя — San Francisco
1001-ai;1001 AI;;1001.ai;список 1;продукт;AI operational intelligence для стройки;S6;S6a;генподрядчик;операционная аналитика;Персидский залив (GCC): порты, аэропорты, энергетика, мегапроекты — вне заданной географии;San Francisco;США;н/д;Series A, $30 млн, июнь 2026 (лид Lux Capital);"$39 млн (seed $9 млн, окт. 2025 + Series A $30 млн; сумма — расчёт)";2025;не раскрыта;https://www.wamda.com/2026/06/1001-closes-30-million-series-a-build-sovereign-ai-gcc https://www.constructionindustry.ai/funding/1001-30m-series-a-lux-capital-sovereign-ai-infrastructure/;частично: агрегаторы и пресс-релизы, не первоисточник;"источники называют компанию GCC- и лондонской, список основателя — San Francisco; фокус шире стройки: порты, аэропорты, энергетика — проверить, относится ли к стройке в узком смысле"
endra;Endra;также в списке 2 как «Endra AI»;endra.ai;оба списка;продукт;AI-автопроектирование для MEP-инженеров;S3;;проектировщик;автопроектирование MEP;н/д;Stockholm;Швеция;29 (на 31.07.2026, агрегатор);"Series A, $50 млн (лид Andreessen Horowitz), 2026; ранее seed $20 млн, дек. 2025 (лид Notion Capital)";$73,4 млн за 3 раунда (агрегатор);2024 (октябрь);не раскрыта;https://arcticstartup.com/endra-raises-20-million-seed/ https://www.founderstoday.news/endra-raises-50m-series-a/ https://tracxn.com/d/companies/endra/__f1yiUY0tQymjEwuAbbXdE9YaGCYKyCofVWxq9cLomDA;частично: агрегаторы и пресс-релизы, не первоисточник;дубль из двух списков объединён | продукт превращает архитектурные 3D-модели в проект MEP: электрика, вентиляция, пожарные системы, кабельные трассы
bedrock-robotics;Bedrock Robotics;;bedrockrobotics.com;список 1;продукт;автономность для тяжёлой техники;S6;S6c;генподрядчик;автономная техника;н/д;San Francisco;США;51–200 (агрегатор);"Series B, $270 млн, фев. 2026 (CapitalG, Valor Atreides AI Fund); оценка $1,8 млрд";более $350 млн;2024;не раскрыта;https://techfundingnews.com/bedrock-robotics-270m-series-b-autonomous-construction/ https://www.equipmentworld.com/technology/article/15751791/bedrock-robotics-emerges-with-80m-for-autonomous-equipment https://bedrockrobotics.com (сайт загружен 02.10.2026);частично: агрегаторы и пресс-релизы, не первоисточник;"дооснащает экскаваторы, бульдозеры, погрузчики; работает с генподрядчиками"
terrafirma;TerraFirma;;н/д;список 1;строитель/застройщик;AI-софт и автономная строительная робототехника;S6;S6c;генподрядчик;роботы;земляные работы, снос, подготовка площадок, инфраструктура для дата-центров, дорог, подстанций и энергетики;Austin;США;н/д;"Series A, $100 млн (лид Kleiner Perkins); всего $115 млн, июль 2026";$115 млн;2024;не раскрыта;https://www.equipmentworld.com/technology/article/15830254/terrafirma-raises-115m-for-semiautonomous-construction-equipment https://www.businesswire.com/news/home/20260714397606/en/TerraFirma-Raises-$115M-to-Accelerate-Construction-on-Earth-and-Beyond;частично: агрегаторы и пресс-релизы, не первоисточник;"уточнить, что именно автоматизируют | перекодировано: компания не только продаёт ПО, она сама выполняет земляные работы как строительная организация с дооснащённой техникой (вертикальная интеграция); ПО предстроительной подготовки — надстройка"
foresight;Foresight;;foresight.works;список 1;продукт;AI-планирование и управление поставкой проекта;S6;S6a;генподрядчик;график и управление проектом;"крупная инфраструктура, дата-центры гипермасштаба, промышленные объекты; офисы London, New York, Tel Aviv";London;Великобритания;н/д;Series A, $25 млн, март 2026 (лид Macquarie Capital VC);н/д;2018;не раскрыта;https://www.globenewswire.com/news-release/2026/03/18/3258175/0/en/Foresight-Raises-US25-Million-to-Close-the-Execution-Gap-in-the-Global-Infrastructure-Supercycle.html https://datacentremagazine.com/news/foresight-raises-25-million-to-tackle-data-centre-build-delays;частично: агрегаторы и пресс-релизы, не первоисточник;
higharc;Higharc;;higharc.com;список 1;продукт;AI-платформа для домостроителей, от проекта до стройки;S3;"S5; S8b";застройщик;проектирование жилых домов;н/д;Durham;США;188 (на 26.05.2026, агрегатор);Series C, $95 млн, июнь 2026 (лид Insight Partners);более $170 млн;2018;не раскрыта;https://dealroom.co/news/136497-higharc-raises-95m-to-bring-ai-to-homebuilding/ https://www.prnewswire.com/news-releases/higharc-announces-53m-series-b-for-its-connected-homebuilding-cloud-302062557.html https://higharc.com (сайт загружен 02.10.2026);частично: агрегаторы и пресс-релизы, не первоисточник;"по описанию в прессе заменяет AutoCAD; автоматизирует проект, сметы и продажи для домостроителей"
monumental;Monumental;;monumental.co;список 1;продукт;автономная кладка кирпича и строительные роботы;S6;S6c;генподрядчик;роботы;"Нидерланды, Великобритания; выход в США";Amsterdam;Нидерланды;н/д;"Series B, $32 млн, июль 2026 (лид Khosla Ventures); ранее $25 млн, фев. 2024";"$57 млн (сумма двух раундов — расчёт; возможны более ранние)";2021;не раскрыта;https://tech.eu/2026/07/15/monumental-secures-32m-series-b-to-accelerate-construction-automation/ https://techfundingnews.com/monumental-raises-32m-khosla-ventures-bricklaying-robots/ https://monumental.co (сайт загружен 02.10.2026);частично: агрегаторы и пресс-релизы, не первоисточник;флот 150+ роботов, построено 100+ домов в Нидерландах и Великобритании — часть работ выполняет сам как подрядчик
xpanner;Xpanner;;xpanner.com;список 1;продукт;физический AI для автоматизации стройплощадки;S6;S6c;генподрядчик;роботы;солнечные электростанции, накопители энергии, строительство дата-центров;Santa Fe Springs;США;н/д;Series B bridge, $18 млн, май 2026 (лид Korea Investment Partners);$38 млн с 2020 года;2020;не раскрыта;https://news.crunchbase.com/real-estate-property-tech/xpanner-automation-as-a-service-for-construction-sites-startup-funding-physical-ai-robotics/ https://xpanner.com/xpanner-lands-18m-to-offer-automation-as-a-service-to-construction-sites/;частично: агрегаторы и пресс-релизы, не первоисточник;уточнить, что автоматизируют | продаёт подписку на задачи (забивка свай, перемещение материалов, траншеи, планировка) на дооснащённой технике клиента
attentive-ai;Attentive.ai;;attentive.ai;список 1;продукт;AI takeoff, сметы и BIM;S5;"S5a; S3";субподрядчик;takeoff и сметы;н/д;Wilmington;США;526 (агрегатор);"Series B, $30,5 млн (лид Insight Partners); ранее A $7 млн (фев. 2024) и A2 $12 млн (янв. 2025)";$48 млн;2017;оценка ~$57,9 млн ARR за 2025 — сторонняя оценка агрегатора Latka, не раскрыта компанией;https://techfundingnews.com/attentive-ai-raises-30m-ai-construction-takeoffs/ https://www.ibeam.ai/blog/attentive-ai-secures-30-5m-series-b-to-make-ai-the-backbone-of-preconstruction https://getlatka.com/companies/attentive.ai https://attentive.ai (сайт загружен 02.10.2026);частично: агрегаторы и пресс-релизы, не первоисточник;"в поиске путается с маркетинговой компанией Attentive; продукт Beam AI; сайт не подтверждён"
adaptive;Adaptive;также в списке 2;adaptive.build;оба списка;продукт;AI-учёт для стройки: job costing, бюджеты, заявки на выплату (draw requests);X-FIN;S6a;генподрядчик;учёт затрат;генподрядчики, специализированные подрядчики, застройщики (США);New York;США;"115 (агрегатор); клиентов более 750";"Series B, $30 млн, сент. 2026 (лид Tidemark); ранее Series A $19 млн, seed $6,5 млн (2022, лид a16z)";$57 млн;2022;не раскрыта;https://www.internationalaccountingbulletin.com/news/adaptive-raises-30m-in-funding-for-agentic-construction-accounting/ https://techcrunch.com/2022/07/07/andreessen-horowitz-leads-6-5m-seed-round-for-adaptive-which-operates-at-the-intersection-of-construction-software-and-fintech/;частично: агрегаторы и пресс-релизы, не первоисточник;дубль из двух списков объединён
doxel;Doxel;;doxel.ai;список 1;продукт;контроль хода работ через компьютерное зрение;S6;S6b;генподрядчик;контроль хода и качества;н/д;Menlo Park;США;121–137 (три агрегатора, на 2026);Series B, $40 млн, авг. 2021 (лид Insight Partners);$56,5 млн;2016;не раскрыта;https://www.enr.com/articles/52256-computer-vision-construction-management-platform-doxel-raises-40-million-from-insight-others https://tracxn.com/d/companies/doxel/__9SPZz1DrKtC8WV-qZTwLDHig7LghXX9s83sHy52FKR8 https://doxel.ai (сайт загружен 02.10.2026);частично: агрегаторы и пресс-релизы, не первоисточник;последний известный раунд — 2021, свежих раундов в найденном нет
meltplan;MeltPlan;;meltplan.com;список 1;продукт;AI-планирование предстроительной подготовки для AEC;S5;"S3; X-COMP";н/д;предстроительная подготовка: нормы, объёмы, торги;н/д;Berkeley;США;н/д;Seed, $10 млн, 26.02.2026 (лид Bessemer Venture Partners);$14 млн;2025;не раскрыта;https://www.business-standard.com/companies/start-ups/ai-platform-meltplan-raises-10-million-in-seed-funding-126022500736_1.html https://inc42.com/company/meltplan/ https://meltplan.com (сайт загружен 02.10.2026);частично: агрегаторы и пресс-релизы, не первоисточник;назначение продукта неясно из описания — уточнить | продукты: Melt Code (проверка строительных норм), Melt Takeoff (объёмы), Melt Bid (подготовка и выравнивание заявок) — этап уточнён по описаниям в прессе
permitflow;PermitFlow;;permitflow.com;список 1;продукт;AI для получения разрешений до начала стройки;S4;;"застройщик; генподрядчик";разрешения (сторона заявителя);н/д;New York;США;135–149 (на июнь 2026, агрегаторы);"Series B, $54 млн, дек. 2025 (лид Accel); ранее $31 млн, фев. 2024 (Kleiner Perkins)";$91 млн;2021;"оценка агрегатора Latka: $17,6 млн (год не указан); 2023 — $4,1 млн; не раскрыта компанией";https://www.alleywatch.com/2025/12/permitflow-permit-automation-software-construction-ai-platform-francis-thumpasery/ https://getlatka.com/companies/permitflow.com https://permitflow.com (сайт загружен 02.10.2026);частично: агрегаторы и пресс-релизы, не первоисточник;
buildots;Buildots;также в списке 2;buildots.com;оба списка;продукт;компьютерное зрение для контроля хода стройки;S6;S6b;генподрядчик;контроль хода и качества;н/д;Tel Aviv;Израиль;"около 400 (пресса), 469 на авг. 2026 (агрегатор); около 260 в Израиле";$130 млн, сент. 2026;"около $297 млн (агрегатор; $166 млн до этого раунда)";2018;"компания не раскрывает; агрегатор: диапазон £1–10 млн на 31.12.2024; утроение выручки три года подряд (заявление компании)";https://siliconangle.com/2026/09/14/buildots-raises-130-million-to-expand-ai-powered-construction-platform/ https://tracxn.com/d/companies/buildots/___6E1LfnS6zblo-Swyd5EJBjGLPcL8RbWP86YIjw_Img;частично: агрегаторы и пресс-релизы, не первоисточник;"дубль из двух списков объединён; штаб вне заданной географии, но работает в США и Европе — проверить"
keyway;Keyway;;keyway.ai;список 1;продукт;AI-автоматизация рабочих процессов коммерческой недвижимости;S8b;S0;инвестор/собственник;сделки с коммерческой недвижимостью;н/д;New York;США;н/д;"Series A, $25 млн, июнь 2022 (лид Camber Creek); более поздние раунды не найдены";$110 млн по одному агрегатору, $30 млн+ по другому — расходятся;2020;не раскрыта;https://www.crunchbase.com/organization/keyway-ai https://startup-seeker.com/company/keyway~ai https://keyway.ai (сайт загружен 02.10.2026);частично: агрегаторы и пресс-релизы, не первоисточник;"продукты: KeyDocs (извлечение данных из документов), KeyComps (сравнение арендных ставок), KeyBrain (рыночные данные по многоквартирному жилью); ближе к управлению недвижимостью, чем к стройке"
alice-technologies;ALICE Technologies;;alicetechnologies.com;список 1;продукт;AI-перебор вариантов и планирование строительства;S6;"S5; S6a";генподрядчик;график и управление проектом;н/д;Menlo Park;США;96 (на 31.07.2026, агрегатор);"Series B, $30 млн (лид Vanedge Capital), расширен (Swire Properties и кредит Bridge Bank); дата не подтверждена";$74,1 млн за 14 раундов (агрегатор);"2015 (по другим источникам — 2013); основано на исследовании Стэнфорда";"оценка агрегатора Latka: $14,4 млн ARR за 2023; не раскрыта компанией";https://www.alicetechnologies.com/about https://buildindigital.com/ai-construction-optioneering-platform-alice-technologies-extends-series-b-funding-round/ https://getlatka.com/companies/alicetechnologies.com https://alicetechnologies.com (сайт загружен 02.10.2026);частично: агрегаторы и пресс-релизы, не первоисточник;
digs;Digs;;digs.com;список 1;продукт;AI-платформа для домостроителей;S7;"S6; S8a";застройщик;цифровой паспорт дома: история, материалы, гарантии;США: тысячи домов в 50 штатах;Vancouver, WA;США;н/д;"Series A, $25,3 млн, авг. 2026 (лид Builders FirstSource); ранее pre-A $5 млн (2025)";более $47 млн;2022;не раскрыта;https://www.geekwire.com/2026/homebuilding-ai-startup-digs-raises-25-3m-and-partners-with-building-products-giant/ https://www.finsmes.com/2026/08/digs-raises-25-3m-in-series-a-funding.html https://digs.com (сайт загружен 02.10.2026);частично: агрегаторы и пресс-релизы, не первоисточник;"назначение уточнить; штаб вне заданной географии | исправлено: штаб — Vancouver, штат Вашингтон (США), а не Канада; этапы перекодированы по описанию в прессе («CarFax для дома», замена PDF-чертежей и бумажной документации)"
estie;estie, inc.;;estie.jp;список 1;продукт;японская платформа данных по коммерческой недвижимости;S8b;S0;инвестор/собственник;данные о коммерческой недвижимости;Япония — вне заданной географии;Tokyo;Япония;65–67 (агрегаторы, 2026);Series B, ¥2,8 млрд (около $20 млн), 2024;$47,7–58,7 млн (источники расходятся);2018;не раскрыта;https://japanstartupobserver.substack.com/p/estie-raises-jpy-28-billion-in-series https://tracxn.com/d/companies/estie/__ZOaDwI_CFbbRENJskUNy6LNYl_3hP5KfwdAYCxO_nW8 https://estie.jp (сайт загружен 02.10.2026);частично: агрегаторы и пресс-релизы, не первоисточник;вне заданной географии — оставлено для полноты
built-robotics;Built Robotics;;builtrobotics.com;список 1;продукт;AI-роботы для стройки (сваи, экскаваторы);S6;S6c;генподрядчик;роботы;строительство солнечных электростанций (забивка свай, RPD 35);San Francisco;США;"40 (агрегатор; возможно, устарело)";Series C, $64 млн, апр. 2022 (лид Tiger Global);$112 млн;2016;не раскрыта;"https://www.therobotreport.com/built-robotics-digs-up-64m-for-construction-vehicle-autonomy-kits/ https://en.wikipedia.org/wiki/Built_Robotics https://builtrobotics.com (адрес виден в результатах поиска; сайт не открылся автоматически — 403)";частично: агрегаторы и пресс-релизы, не первоисточник;последний известный раунд — 2022
netvendor;NetVendor;;netvendor.com;список 1;продукт;проверка соответствия подрядчиков для недвижимости;X-COMP;S8a;управляющая компания;комплаенс подрядчиков;н/д;Tualatin;США;51–200 (агрегатор);мажоритарная инвестиция Five Arrows, нояб. 2025 (выкуп доли у Greenridge Growth Partners — частный капитал, не венчурный раунд);н/д;2009;не раскрыта;https://www.prnewswire.com/news-releases/netvendor-secures-majority-investment-from-five-arrows-to-drive-next-phase-of-growth-302606466.html https://www.cbinsights.com/company/netvendor-1 https://netvendor.com (сайт загружен 02.10.2026);частично: агрегаторы и пресс-релизы, не первоисточник;"зрелая компания 2009 года, не стартап; клиентов — управляющие недвижимостью"
cosuno;Cosuno;;cosuno.com;список 1;продукт;тендеры и совместная работа в строительстве;S5;S5c;генподрядчик;тендеры;"Германия и коммерческое строительство; обработано тендеров на $4 млрд (заявление компании)";Berlin;Германия;85–140 (агрегаторы);"Series B, $30 млн, фев. 2022 (лид Avenir Growth; оценка $150 млн)";$45 млн;2019;не раскрыта;https://tech.eu/2022/02/09/cosuno-brings-in-30-million-to-digitise-construction-industry/ https://www.cosuno.com/web/en/company https://cosuno.com (сайт загружен 02.10.2026);частично: агрегаторы и пресс-релизы, не первоисточник;проверить, не поглощена ли (корпоративная принадлежность) | свежих раундов и сведений о поглощении в найденном нет — проверить корпоративную принадлежность
zefir;Zefir;;zefir.fr;список 1;продукт;AI-помощь в продаже жилья;S8b;;застройщик;продажи жилья;Франция;Paris;Франция;н/д;Series B, €15 млн, сент. 2025 (лид FinTech Collective);€50 млн;2020;"не раскрыта; заявлено €600 млн+ годовых продаж жилья через платформу (это объём сделок, не выручка компании)";https://aimgroup.com/2025/09/04/france-based-property-marketplace-startup-zefir-raises-17-5m-in-funding/ https://www.proptechbuzz.com/news/zefir-raises-15m-ai-real-estate https://zefir.fr (сайт загружен 02.10.2026);частично: агрегаторы и пресс-релизы, не первоисточник;это маркетплейс продаж жилья через сеть агентов, к стройке отношения почти не имеет — вне ядра
cupix;Cupix;;cupix.com;список 1;продукт;видео 360° в 4D цифровые двойники;S6;"S6b; S7";генподрядчик;контроль хода и качества;строительство и управление объектами;Round Rock;США;139–143 (агрегаторы, 2026);Series C, $23,4 млн (дата не подтверждена);$40,2 млн;2015;не раскрыта;https://www.cbinsights.com/company/cupix https://tracxn.com/d/companies/cupix/__00FUcwRTQDhlnIwwMqzSp_4K_nC-mqwCIixHMOXT474 https://cupix.com (сайт загружен 02.10.2026);частично: агрегаторы и пресс-релизы, не первоисточник;
greenlite;GreenLite;;н/д;список 1;продукт;AI-разрешения и проверка планов (сторона города);S4;;"муниципалитеты; корпоративные заказчики и застройщики (частная проверка планов)";частная проверка планов и разрешения (приватизация разрешений);н/д;New York;США;"106 (последние данные); около 50 на момент Series B";"Series B, $49,5 млн, сент. 2025 (лид Insight Partners); ранее Series A $28,5 млн, сент. 2024";"$78 млн (сумма двух раундов — расчёт; возможны более ранние)";2022;не раскрыта;https://www.prnewswire.com/news-releases/greenlite-raises-49-5m-series-b-to-advance-the-privatization-of-construction-permitting-with-ai-powered-solutions-302555315.html https://techcrunch.com/2024/09/17/greenlite-founded-by-an-ex-gopuff-exec-automates-construction-permitting/;частично: агрегаторы и пресс-релизы, не первоисточник;по описанию в пресс-релизе: частная проверка планов (Private Plan Review) по заказу корпоративных клиентов (заявлено ~100 компаний из Fortune 500), а не только продажа муниципалитетам — роль клиента уточнена
parspec;Parspec;;parspec.io;список 1;продукт;AI для закупки строительной продукции;S5;S5b;"дистрибьютор/производитель; субподрядчик";закупка материалов;США: электрические дистрибьюторы и агентства по освещению;San Francisco;США;"51–100 (агрегатор); клиентов 288 (заявление компании)";Series A, $20 млн, июль 2025 (лид Threshold Ventures);$31,5 млн;2021;"не раскрыта; заявлен рост выручки в 4 раза за 12 месяцев";https://news.crunchbase.com/ai/construction-supply-chain-startup-parspec/ https://edisonreport.com/2025/07/08/parspec-raises-20-million-series-a-to-modernize-the-construction-supply-chain-with-ai/ https://parspec.io (сайт загружен 02.10.2026);частично: агрегаторы и пресс-релизы, не первоисточник;продукт для агентов и дистрибьюторов (подбор продукции, котировки, пакеты согласования), начинал с освещения и электрики, расширяется на MEP
dealpath;Dealpath;;dealpath.com;список 1;продукт;AI-операционная система для инвестиций в недвижимость;S0;"S1; S8b";инвестор/собственник;инвестиционная аналитика;н/д;San Francisco;США;104–110 (агрегаторы, 2026);"Series C, $43 млн (лид Morgan Stanley Expansion Capital; дата не подтверждена)";$57,8–61,8 млн (источники расходятся);2014;"оценка агрегатора Latka: $19,3 млн ARR за 2024; не раскрыта компанией";https://www.morganstanley.com/im/en-us/individual-investor/insights/press-release/dealpath-raises-series-c-morgan-stanley-expansion-capital.html https://getlatka.com/companies/dealpath;частично: агрегаторы и пресс-релизы, не первоисточник;сайт dealpath.com — предположение: при автоматической загрузке ответ 403, содержимое не проверено
fifth-dimension;Fifth Dimension;;fifthdimensionai.com;список 1;продукт;аналитика решений для инвесторов в реальные активы;S0;S8b;инвестор/собственник;инвестиционная аналитика;"Великобритания, США, Азиатско-Тихоокеанский регион; офисы London, New York, Singapore";London;Великобритания;н/д;Series A, $26 млн (€22 млн), май 2026 (лид HV Capital);более $40 млн;2023;не раскрыта;"https://www.fifthdimensionai.com/news/fifth-dimension-raises-series-a/ https://bebeez.eu/2026/05/11/londons-fifth-dimension-raises-e22-million-to-scale-ai-powered-decision-intelligence-for-real-assets/ https://fifthdimensionai.com (адрес виден в результатах поиска; сайт не открылся автоматически — 403)";частично: агрегаторы и пресс-релизы, не первоисточник;
vts;VTS;;vts.com;список 1;продукт;платформа аренды и управления активами коммерческой недвижимости;S8b;;"инвестор/собственник; управляющая компания";аренда;н/д;New York;США;656 (на 2025, агрегатор);"Series E, более $125 млн (лид CBRE); последняя сделка — долговое финансирование $150 млн, 2022";$336,6 млн за 8 раундов;2012;"оценка агрегатора Latka: $125,5 млн ARR за 2025 (было $79,6 млн в 2022); не раскрыта компанией";"https://www.vts.com/news/vts-announces-over-125m-in-series-e-funding-round-led-by-cbre https://getlatka.com/companies/vts https://vts.com (адрес виден в результатах поиска; сайт не открылся автоматически — 403)";частично: агрегаторы и пресс-релизы, не первоисточник;"зрелая компания; к стройке отношения не имеет — рынок аренды коммерческой недвижимости"
hqo;HqO;;hqo.com;список 1;продукт;платформа клиентского опыта арендаторов коммерческой недвижимости;S8a;S8b;управляющая компания;клиентский опыт арендаторов;н/д;Boston;США;110–111 (агрегаторы);не подтверждён (Series B $34,2 млн и $60 млн в 2021 упоминаются в прессе);от $100 млн до $200 млн (источники расходятся);2018;оценка агрегатора Latka: $12,1 млн ARR за 2025 (расходится с масштабом привлечённых денег — слабая оценка);"https://www.hqo.com/resources/blog/scaling-hqo-tenant-experience-platform-with-funding-from-accomplice-jll-spark-navitas-capital-divcowest-and-more/ https://tracxn.com/d/companies/hqo/__OP_GV9EkFet2EYHA-mGxBYctHuKf3-9DwR60CtlaWok https://hqo.com (адрес виден в результатах поиска; сайт не открылся автоматически — 403)";частично: агрегаторы и пресс-релизы, не первоисточник;к стройке отношения не имеет — клиентский опыт арендаторов коммерческой недвижимости
casafari;CASAFARI;;casafari.com;список 1;продукт;данные о недвижимости из 30 000+ источников;S0;"S8b; X-DATA";инвестор/собственник;данные о недвижимости;Европа (данные из 30 000+ источников — заявление компании);Lisbon;Португалия;169 (2026, агрегатор);долговое финансирование $5,3 млн, 2024;$30,3 млн за 4 раунда;2018;"оценка агрегатора Latka: $9 млн ARR за 2024; не раскрыта компанией";https://getlatka.com/companies/casafari.com https://app.dealroom.co/companies/casafari;частично: агрегаторы и пресс-релизы, не первоисточник;к стройке отношения не имеет — данные о объявлениях на рынке недвижимости
entrata;Entrata;;entrata.com;список 1;вендор-инкамбент;платформа управления недвижимостью со слоем AI;S8a;S8b;управляющая компания;управление недвижимостью;н/д;Lehi;США;2 246 (агрегатор);Series D, $200 млн, 15.05.2025, оценка $4,3 млрд;"$707 млн (агрегатор; инвестор Silver Lake)";2003;"оценка агрегатора: $200 млн ARR; не раскрыта компанией";https://pitchbook.com/profiles/company/55128-34 https://siliconvalleyinvestclub.substack.com/p/entrata-raises-200-million-at-a-43 https://entrata.com (сайт загружен 02.10.2026);частично: агрегаторы и пресс-релизы, не первоисточник;"крупная компания (инкамбент в своём сегменте) | к стройке отношения не имеет — управление жилой недвижимостью; в агрегаторе указан статус «IPO Registration» — не проверено"
hover;Hover;;hover.to;список 1;продукт;фото со смартфона в 3D-модели зданий;S2;"S5a; S9";"подрядчик; страховщик";обмеры существующих зданий;строительство и страхование (США);San Francisco;США;479–483 (агрегаторы, 2026);Series D (дата не подтверждена);$127–178 млн (источники расходятся);2011;не раскрыта;https://tracxn.com/d/companies/hover/__53HLoHapLi2_78FAfIhQB6J4kVKxKbCUubEIjcG5Rmc https://www.standardindustries.com/hover-secures-60m-for-3d-imaging-to-assess-and-fix-properties/;частично: агрегаторы и пресс-релизы, не первоисточник;
built;Built;;getbuilt.com;список 1;продукт;AI для кредитования строительства и недвижимости;X-FIN;"S1; S6";кредитор;кредитование строительства;США: более 300 финансовых организаций, $200 млрд ежегодных расходов на стройку под управлением (заявление компании);Nashville;США;около 304 (2026), было 372 в 2023;Series D, $125 млн (лид TCV, Goldman Sachs, Index Ventures) + расширение $23,6 млн, июль 2022;$289,1 млн за 5 раундов;2014;"оценка агрегатора Latka: $83 млн ARR за 2024; не раскрыта компанией";https://pitchbook.com/profiles/company/122957-92 https://nationalmortgageprofessional.com/news/fintech-unicorn-nashville;частично: агрегаторы и пресс-релизы, не первоисточник;"это Built Technologies — ПО для кредитования строительства; сокращение штата с 2023 года | сайт getbuilt.com — предположение: при автоматической загрузке ответ 403, содержимое не проверено"
cotality;Cotality (бывш. CoreLogic);;cotality.com;список 1;вендор-инкамбент;данные и аналитика по недвижимости;S0;"S8b; X-DATA";"инвестор/собственник; кредитор";данные о недвижимости;н/д;Irvine;США;5 100 (данные 2019, устарели);"частная компания (владельцы Stone Point и др.); раундов нет";н/д;2010 (по Википедии, как CoreLogic Inc.);"$1,762 млрд за 2019 (последние найденные данные; тогда — публичная компания)";https://en.wikipedia.org/wiki/Cotality https://www.stonepoint.com/company/cotality/ https://cotality.com (сайт загружен 02.10.2026);частично: агрегаторы и пресс-релизы, не первоисточник;"крупный инкамбент | переименована из CoreLogic в 2025; данные о выручке и штате устарели"
3d-repo;3D Repo;;3drepo.com;список 2;продукт;BIM-коллаборация и отслеживание замечаний;S3;"X-DATA; S6a";проектировщик;BIM-коллаборация;н/д;London;Великобритания;н/д;Series A, £2,3 млн, 2020 (лид Ingenious);$3,0 млн за 1 раунд (агрегатор);2014 (выделена из UCL);не раскрыта;https://en.wikipedia.org/wiki/3D_Repo https://startupintros.com/orgs/3d-repo;частично: агрегаторы и пресс-релизы, не первоисточник;в марте 2023 приобретена Asite (тоже в списке) — самостоятельным продуктом, возможно, не является
academa;Academa;;academa.si;список 2;кастомная разработка (инженерные расчёты);разработка инженерного ПО;S3;;"проектировщик; подрядчик";расчёты конструкций (мосты);н/д;Ljubljana;Словения;н/д;н/д (частная компания);н/д;1992;не раскрыта;https://www.academa.si/en/about.html https://en.wikipedia.org/wiki/Academa;частично: агрегаторы и пресс-релизы, не первоисточник;"тип и этап неясны — проверить | по описанию на сайте — заказное инженерное ПО (расчёты предварительно напряжённых мостов для словенских строителей); не стартап"
aec-on;AEC-ON;;aec-on.com;список 2;консалтинг/инжиниринг;"BIM/CDE-консалтинг; партнёр Bentley и RIB";S3;X-DATA;"проектировщик; генподрядчик";BIM-консалтинг;Испания (сайт AECon España);н/д;Испания;н/д;н/д;н/д;н/д;не раскрыта;https://www.aec-on.com/;частично: агрегаторы и пресс-релизы, не первоисточник;"услуги, не продукт | по сайту: партнёр Bentley (Synchro 4D) и RIB Spain (Presto); ПО, консалтинг, обучение по BIM/CDE/цифровым двойникам"
aectual;Aectual;;aectual.com;список 2;продукт;3D-печать строительных элементов;S6;S6c;генподрядчик;заводское производство;н/д;Amsterdam;Нидерланды;н/д;$1,8 млн от AKEF, DOEN Participations и др. (дата не подтверждена);$1,8 млн + €0,5 млн гранта ERDF;2017;не раскрыта;https://3dprintingindustry.com/news/aectual-receives-1-8-million-sustainable-xl-3d-printing-construction-129224/ https://www.crunchbase.com/organization/aectual;частично: агрегаторы и пресс-релизы, не первоисточник;по описанию: 3D-печать полов, стен, интерьерных элементов — производство элементов отделки, а не несущих конструкций
ai-bob;AI-BOB;;aibob.io;список 2;продукт;BIM + AI-платформа;S3;"X-COMP; S4";проектировщик;проверка проекта на соответствие нормам в BIM;Швеция;н/д;Швеция;н/д;н/д (инвестор Capital T);н/д;н/д;не раскрыта;https://tech.eu/2025/10/21/meet-ai-bob-the-swedish-startup-bringing-ai-powered-compliance-to-the-construction-industry/ https://www.aibob.io/;частично: агрегаторы и пресс-релизы, не первоисточник;"домен помечен «проверить» | домен ai-bob.com из списка не подтверждён, найден aibob.io; по описанию — проверка соответствия нормам внутри BIM-модели (плагин для Revit), а не общая BIM-платформа — этапы перекодированы"
alloovium;Alloovium;;alloovium.com;список 2;продукт;интеллект документов: контракты, спецификации, комплаенс-записи, переписка;X-COMP;"S6a; S7";генподрядчик;документы и контракты;"крупные коммерческие и инфраструктурные проекты; заявлены проекты в Австралии на A$400 млн";San Francisco;США;5 (агрегатор);Seed, $700 тыс., 2026 (Y Combinator, Startmate);$584 тыс.–$700 тыс. (источники расходятся);2026 (на полную занятость перешли в дек. 2025);не раскрыта;https://www.ycombinator.com/companies/alloovium https://www.constructionindustry.ai/product/alloovium-yc-construction-compliance-document-intelligence/;частично: агрегаторы и пресс-релизы, не первоисточник;совсем ранняя компания
amrax-metaroom;Amrax (Metaroom);;amrax.ai;список 2;продукт;3D-сканирование для стройки и архитектуры;S2;S6b;"проектировщик; генподрядчик";сканирование;"Австрия, США; клиенты — Siemens, Autodesk, RELUX, Zumtobel (заявление компании)";Salzburg;Австрия;н/д;н/д (инвестор ArborEleven Ventures);н/д;2020 (апрель);не раскрыта;https://amrax.ai/who-we-are/ https://www.siemens.com/en-us/ecosystem/metaroom-by-amrax/;частично: агрегаторы и пресс-релизы, не первоисточник;"домен помечен «проверить» | юридическое лицо — Synthetic Dimension GmbH; домен metaroom.ai из списка не подтверждён, найден amrax.ai; сканирование смартфоном в BIM (scan-to-BIM)"
arbnco;arbnco;;arbnco.com;список 2;продукт;симуляция энергоэффективности зданий;S8a;S3;"проектировщик; собственник";энергоэффективность действующих зданий: IoT и аналитика;Великобритания, США (офисы в Калифорнии и Мичигане);Glasgow;Великобритания;от 37 до 51–200 (разные источники и даты);"н/д (инвестор Deepbridge Capital; грант $341 тыс., янв. 2021)";н/д;2015 (по другим источникам — 2012);не раскрыта;https://www.crunchbase.com/organization/arbnco-limited https://scottishbusinessnews.net/arbnco-named-as-fastest-growing-business-in-scotland/;частично: агрегаторы и пресс-релизы, не первоисточник;этапы перекодированы: по описанию компании оптимизирует работу действующих коммерческих зданий (IoT, аналитика), а не только симулирует проект
archilabs;ArchiLabs;;archilabs.ai;список 2;продукт;AI/операционная система проектов для проектирования дата-центров, автоматизация архитектурных процессов;S3;;проектировщик;проектирование дата-центров;н/д;Houston;США;н/д;Seed, $125 тыс., дек. 2024 (Y Combinator);$125 тыс. (агрегатор);2024;не раскрыта;https://www.ycombinator.com/companies/archilabs https://www.crunchbase.com/organization/archilabs;частично: агрегаторы и пресс-релизы, не первоисточник;"чат-интерфейс внутри Revit: исполняет команды в BIM-модели; начинают с дата-центров. Не путать с Architect Labs (проектирование чипов)"
asite;Asite;;asite.com;список 2;продукт;облачная общая среда данных (CDE);X-DATA;"S3; S6a";"генподрядчик; проектировщик";CDE;Великобритания, США, Саудовская Аравия, ОАЭ, Австралия, Китай, Индия;London;Великобритания;326–548 (источники расходятся);"не привлекала внешних денег (по агрегатору; самофинансирование)";н/д;2001;"$13,6 млн за 2019 (оценка Latka) и $115,7 млн (другой агрегатор) — расходятся на порядок, слабые оценки; не раскрыта";https://www.cbinsights.com/company/asite https://getlatka.com/companies/asite;частично: агрегаторы и пресс-релизы, не первоисточник;"в 2023 купила 3D Repo; зрелая компания — не стартап"
atom-modular;Atom Modular;;atom-modular.com;список 2;строитель/застройщик;модульное строительство;S6;S6c;застройщик;модульное строительство;н/д;Avondale, AZ;США;н/д;н/д;н/д;2019;не раскрыта;https://www.atom-modular.com/about;частично: агрегаторы и пресс-релизы, не первоисточник;"домен помечен «проверить»; строительная компания, не софт | домен из списка (atommodular.com) не подтверждён, найден atom-modular.com; завод модульных микродомов в Аризоне; основатель — архитектор с 30-летним стажем"
augment;Augment;;augment.lu;список 2;продукт;цифровизация управления недвижимостью и объектами;S8a;;управляющая компания;управление объектами;управляющие коммерческой недвижимостью и эксплуатирующие организации (Люксембург);Luxembourg;Люксембург;н/д;ранняя стадия: $49,1 тыс. и грант Министерства экономики Люксембурга (янв. 2022);$49,1 тыс. (агрегатор);2019 (июль);не раскрыта;https://augment.lu/about https://www.siliconluxembourg.lu/augment-brings-facility-management-into-the-digital-era/;частично: агрегаторы и пресс-релизы, не первоисточник;"домен помечен «проверить» | микро-компания; оцифровывает объекты лазерным сканированием и дронами"
autodesk;Autodesk;офис для Испании, Португалии, Греции, Кипра;autodesk.com;список 2;вендор-инкамбент;вендор ПО для проектирования и стройки (офис региона);S3;"S6a; S8a; X-DATA";"проектировщик; генподрядчик";проектирование и управление;н/д;н/д;н/д;около 14 300 на 31.01.2026;публичная компания (NASDAQ: ADSK);н/д;н/д;$7,21 млрд за финансовый 2026 год (+18%);https://investors.autodesk.com/news-releases/news-release-details/autodesk-inc-announces-fiscal-2026-fourth-quarter-results https://www.sec.gov/Archives/edgar/data/769397/000076939726000015/adsk-20260131.htm;"да: отчётность компании (пресс-релиз и 10-K; цифры взяты из выдачи поиска, сам документ не открывался)";"в списке — региональный офис; в реестре — вся компания"
bandora;Bandora;;bandorasystems.com;список 2;продукт;proptech;S8a;;н/д;AI-оптимизация систем отопления и вентиляции в коммерческих зданиях;н/д;Porto;Португалия;н/д;Seed, $1,64 млн, 07.08.2024 (лид BlueCrow);н/д;2017;не раскрыта;https://www.portugalventures.pt/en/portfolio/bandora/ https://tracxn.com/d/companies/bandora/__MPKCAW433fkJ9yi3-qrc9e9YxKuhVgfxNinAmIki7E0 https://bandorasystems.com (сайт загружен 02.10.2026);частично: агрегаторы и пресс-релизы, не первоисточник;"домен помечен «проверить»; назначение неясно | bandora.io из списка — другая компания (система управления сайтами Bandora CMS); искомая — Bandora Systems, Порту; сайт не найден"
bentley-systems;Bentley Systems;объединены 3 строки списка: EMEA HQ, Bentley Systems Iberica (Испания), Bentley Systems UK (Лондон);bentley.com;список 2;вендор-инкамбент;вендор ПО для инфраструктуры: MicroStation, ProjectWise, цифровые двойники;S3;"S2; S6a; S8a; X-DATA";"проектировщик; владелец инфраструктуры";инженерное ПО для инфраструктуры;н/д;Exton;США;около 5 800 (2025);публичная компания (NASDAQ: BSY);н/д;1984;около $1,5 млрд за 2025;https://en.wikipedia.org/wiki/Bentley_Systems https://www.sec.gov/Archives/edgar/data/1031308/000103130826000007/bsy-20251231.htm;"частично: Википедия и перечень отчётности; цифры из выдачи поиска";
bild-ai;Bild AI;;bild.ai;список 2;продукт;читает чертежи и спецификации, формирует ведомости дверей, экспорт в ERP;S5;"S5a; S3";субподрядчик;takeoff и сметы;США (выгрузка в ERP Comsense, Avaware, ProTech);н/д;н/д;н/д;Seed, $3,1 млн, 2025 (лид Khosla Ventures);$3,5 млн за 2 раунда;2024;не раскрыта;https://www.ycombinator.com/companies/bild-ai https://www.proptechbuzz.com/news/bild-construction-ai-funding;частично: агрегаторы и пресс-релизы, не первоисточник;"узкая ниша Division 8 (двери, окна), как и Fresco; заявлена точность моделей 95% и экономия времени — заявления компании"
bimcap;Bimcap;;bimcap.com;список 2;консалтинг/инжиниринг;BIM-аутсорсинг;S3;;проектировщик;BIM-услуги;"Нидерланды, Гонконг, Саудовская Аравия; проекты гигантского масштаба";Amsterdam;Нидерланды;51–200 (до 139 по другим источникам);н/д;н/д;2016;не раскрыта;https://www.crunchbase.com/organization/bimcap https://www.datanyze.com/companies/bimcap/403029876;частично: агрегаторы и пресс-релизы, не первоисточник;услуги, не продукт | штаб: Амстердам по одним источникам, Гонконг по LinkedIn — расходятся
boxcore;Boxcore;;boxcore.com;список 2;продукт;приложение по безопасности для стройки;S6;S6d;генподрядчик;охрана труда;"Ирландия, Великобритания, США, ЕС; применялся на 1 100+ проектах (заявление компании)";Dublin;Ирландия;н/д;внешних денег не привлекала (поддержка Enterprise Ireland);$0;2021;не раскрыта;https://www.boxcore.com/who-we-are/ https://tracxn.com/d/companies/boxcore/__4JoRQ3gpcinJemu2AkhmzJ9Xp6DtQqRM9jPhnbkcLyw;частично: агрегаторы и пресс-релизы, не первоисточник;"в списке указан домен boxcore.co, найден boxcore.com; 40 000+ профилей рабочих (заявление компании)"
braincreators;BrainCreators;;braincreators.com;список 2;продукт;AI-инспекция инфраструктуры;S8a;;владелец инфраструктуры;инспекции;н/д;Amsterdam;Нидерланды;около 27 (апрель 2026, агрегатор);"seed, дек. 2022; гранты ЕС и EIC Fund";$2,13 млн за 3 раунда (агрегатор);2016;не раскрыта;https://www.crunchbase.com/organization/braincreators https://www.iamsterdam.com/en/business/key-sectors-for-business/tech-and-ai/stories/braincreators;частично: агрегаторы и пресс-релизы, не первоисточник;"инспекция шире инфраструктуры: AI для визуальных проверок в разных отраслях; продукты INSPECH (дороги) и SEAGULL выделены в отдельные компании"
brick-and-bolt;Brick & Bolt;;bricknbolt.com;список 2;строитель/застройщик;сквозной цикл «проект-стройка»: планирование, строительство, отслеживание;S3;S6;застройщик;проектно-строительная компания;Индия — вне заданной географии;Bengaluru;Индия;616 (март 2026, агрегатор);Series A, $10 млн, 01.01.2023 (Accel, Celesta Capital, Foundamental);$24,1 млн за 7 раундов (агрегатор);2018;не раскрыта;https://www.crunchbase.com/organization/brick-bolt https://tracxn.com/d/companies/brickbolt/__RC03ZTNPrLOFukk8vCk0BREwWbQSgfUqUw2Yw4wQCdc;частично: агрегаторы и пресс-релизы, не первоисточник;"строительная компания с технологическим слоем, не чистый софт | найден по домену bricknbolt.com — это индийская компания (технологичные услуги жилищного строительства); вне заданной географии, в карту по рынкам не входит; лондонского Brick & Bolt поиск не показал"
cascade;Cascade;;usecascade.ai;список 2;продукт;AI-слой предсказаний и агенты для поиска проектов и подготовки заявок;S5;S0;генподрядчик;поиск проектов и заявки;архитектурные, инженерные и строительные фирмы (аэропорты, больницы, дата-центры, электростанции);New York;США;н/д;Seed, $3,5 млн, июль 2026 (лид a16z Speedrun);$3,5 млн;"н/д (основана бывшими сотрудниками Google; по части источников — в Лондоне)";не раскрыта;https://techcrunch.com/2026/07/22/cascade-raises-3-5m-to-help-construction-firms-find-and-win-projects/ https://thenextweb.com/news/cascade-3-5m-construction-pursuit-ai;частично: агрегаторы и пресс-релизы, не первоисточник;"отслеживает облигационные заявки, разрешения, сделки с недвижимостью и протоколы заседаний, чтобы найти проекты до объявления торгов; заявлено $10 млрд выявленных возможностей — заявление компании; штаб расходится между источниками (Нью-Йорк / Лондон)"
causeway;Causeway Technologies;;causeway.com;список 2;вендор-инкамбент;ERP и коммерческое управление для стройки;X-FIN;"S5; S6a";генподрядчик;ERP;н/д;н/д;Великобритания;"около 500 (502 на март; 500–1 000 по другому агрегатору)";"частная компания, поддержка частного капитала; раундов нет";н/д;1999;"£50–100 млн за 2024 (диапазон по агрегатору); другой агрегатор — $126 млн; не раскрыта компанией";https://pitchbook.com/profiles/company/59440-33 https://www.crunchbase.com/organization/causeway-technologies;частично: агрегаторы и пресс-релизы, не первоисточник;"зрелая компания, не стартап; город штаба не подтверждён"
cocrafter;CoCrafter;;cocrafter.com;список 2;продукт;B2B-площадка подбора подрядчиков и субподрядчиков;S5;S5c;генподрядчик;маркетплейс подрядчиков;Германия;Munich;Германия;около 7 (2024, агрегатор Latka);pre-seed, $500 тыс., апр. 2024 (Y Combinator W24) — по другому источнику внешних денег нет;$0–0,5 млн (источники расходятся);2023;"$1,1 млн за 2024 (оценка агрегатора Latka); не раскрыта компанией";https://getlatka.com/companies/cocrafter.com https://beamstart.com/@cocrafter-17173751364034;частично: агрегаторы и пресс-релизы, не первоисточник;
continuum-industries;Continuum Industries;;continuumindustries.com;список 2;продукт;генеративное проектирование инфраструктуры;S3;S0;"владелец инфраструктуры; проектировщик";проектирование инфраструктуры;линейная инфраструктура: трассы, кабели, трубопроводы (Великобритания, США);Edinburgh;Великобритания;"30–60 (источники расходятся; 43 в 2023)";Series A, $10 млн, сент. 2023 (лид Singular);$15,5 млн;2018;"оценка агрегатора Latka: $4,6 млн (2023); не раскрыта компанией";https://www.thesaasnews.com/news/continuum-industries-raises-10-million-in-series-a https://getlatka.com/companies/continuum.industries;частично: агрегаторы и пресс-релизы, не первоисточник;"продукт Optioneer — перебор вариантов трассы линейных объектов; последний известный раунд — 2023"
converge;Converge;;converge.io;список 2;продукт;мониторинг бетона и цифровой двойник;S6;S6b;генподрядчик;контроль хода и качества;н/д;London;Великобритания;75 (май 2026, агрегатор);Series B, около $22 млн (€19,4 млн), 2025 (лид ABN AMRO Sustainable Impact Fund);$40,8 млн за 3 раунда;2014;не раскрыта;https://www.eu-startups.com/2025/05/converge-a-london-based-startup-raises-e19-4-million-to-decarbonise-concrete-with-ai/ https://www.converge.io/about;частично: агрегаторы и пресс-релизы, не первоисточник;"датчики в бетоне и ИИ-прогноз набора прочности (ConcreteDNA); акцент на снижении выбросов при производстве бетона"
cype;CYPE Ingenieros;;cype.com;список 2;вендор-инкамбент;BIM и расчётное ПО (CYPECAD);S3;;проектировщик;расчёты и BIM;Испания и испаноязычные страны (по описанию);Alicante;Испания;51–200 (разные оценки: 51–100, 201–500);"частная компания; раундов нет";н/д;1983;"€6–15 млн (диапазон по агрегатору Iberinform) / $7,1 млн (другой агрегатор); не раскрыта";https://www.iberinform.es/empresa/859137/cype-ingenieros https://www.zoominfo.com/c/cype-ingenieros-sa/346869231;частично: агрегаторы и пресс-релизы, не первоисточник;зрелая испанская компания — прямой интерес для рынка Испании
devscope;DevScope;;devscope.net;список 2;кастомная разработка;"продуктовая разработка; клиенты в BI и инфраструктуре";н/д;;н/д;;н/д;Porto;Португалия;51–200 (169 по другому источнику);куплена фондом Explorer Investments, 10.07.2023;н/д;2003;не раскрыта;https://tracxn.com/d/companies/devscope/__orzLhi24QRregQqwtB2zfZ9SyoZ_-eCbES8hNzD9wys https://www.crunchbase.com/organization/devscope;частично: агрегаторы и пресс-релизы, не первоисточник;"не специфично для AEC | партнёр Microsoft по Power Platform, данным и ИИ; не специфична для AEC"
disperse;Disperse;;disperse.io;список 2;продукт;AI-мониторинг хода стройки;S6;S6b;генподрядчик;контроль хода и качества;н/д;London;Великобритания;100–152 (источники расходятся);"$16 млн (£14,9 млн), 2022 (лид 2150); в октябре 2025 поглощена OpenSpace";$31 млн за 2 раунда;2015;не раскрыта;https://www.constructiondive.com/news/disperse-contech-firm-ai-raises-16-million-funding/632740/ https://tracxn.com/d/companies/disperse/__sxMDaC-Uk2viNL8Mo36E2_GpubfA7ZY2OGyiaT5lRTI;частично: агрегаторы и пресс-релизы, не первоисточник;"по агрегатору поглощена OpenSpace в окт. 2025 — как самостоятельный продукт, возможно, больше не существует; проверить"
e-gloo;E-gloo;;e-gloo.biz;список 2;продукт (аппаратное устройство);цифровая документация для зданий;S7;S8a;собственник;архив исполнительной документации на объекте;н/д;Hobscheid;Люксембург;н/д;н/д;н/д;н/д;не раскрыта;http://www.e-gloo.biz/ https://www.northdata.com/E-Gloo+Development+SA,+Hobscheid/B207337;частично: агрегаторы и пресс-релизы, не первоисточник;"домен помечен «проверить» | домен e-gloo.lu из списка не подтверждён, найден e-gloo.biz; по описанию — аппаратный «цифровой кирпич» для хранения исполнительной документации (as-built) и руководства пользователя в технических помещениях здания; заявлено снижение стоимости владения на 9% за 30 лет — заявление компании"
elea-ic;ELEA iC;;elea.si;список 2;консалтинг/инжиниринг;BIM- и инжиниринг-консалтинг;S3;;проектировщик;BIM-консалтинг;н/д;Ljubljana;Словения;более 100 (по сайту);н/д (частная инжиниринговая компания);н/д;1991;не раскрыта;https://www.elea.si/en/bim-modeling/ https://www.sloexport.si/en/company-card?ms=5522749;частично: агрегаторы и пресс-релизы, не первоисточник;"услуги, не продукт | проектирование мостов, тоннелей, дорог, геотехника, архитектура; BIM — одно из направлений; входит в группу iC"
evercam;Evercam;;evercam.io;список 2;продукт;AI-мониторинг стройплощадок, съёмка реальности;S6;S6b;генподрядчик;контроль хода и качества;по описанию работает на шести континентах;Dublin;Ирландия;около 151 (июль 2025, агрегатор);"€8,9 млн, окт. 2022 (лид Knocknagore Capital); позднее — венчурный долг €5 млн (Salica Investments)";н/д (€0,6 млн в 2020 + €8,9 млн + долг €5 млн — расчёт не делал, раунды могли быть пропущены);2010;не раскрыта;https://www.irishtimes.com/business/technology/evercam-to-double-headcount-after-600-000-fundraise-1.4435568 https://en.wikipedia.org/wiki/Evercam;частично: агрегаторы и пресс-релизы, не первоисточник;
fenestrapro;FenestraPro;;fenestrapro.com;список 2;продукт;BIM-плагин оптимизации фасадов;S3;;проектировщик;проектирование фасадов;международные проектные фирмы (AECOM, Jacobs, HKS — по описанию);Dublin;Ирландия;н/д;н/д;н/д;2012–2013 (источники расходятся);не раскрыта;https://fenestrapro.com/about-us/ https://aecmag.com/sustainability/fenestrapro-facade-design-envelope-analysis/;частично: агрегаторы и пресс-релизы, не первоисточник;плагин к Revit для анализа теплотехники, естественного освещения и солнечных притоков фасада
finch-buildings;Finch Buildings;;finchbuildings.com;список 2;строитель/застройщик;модульное и сборное строительство;S6;S6c;застройщик;модульное строительство;Нидерланды (800+ квартир в готовых проектах — заявление компании);Amsterdam;Нидерланды;н/д;seed, мар. 2024, сумма не раскрыта;"$1,19 млн за 2 раунда (агрегатор; возможно, занижено)";2014;не раскрыта;https://siliconcanals.com/amsterdams-finch-buildings-gets-funding/ https://finchbuildings.com/en/van-start-up-tot-gamechanger/;частично: агрегаторы и пресс-релизы, не первоисточник;строительная компания, не софт | деревянные (CLT) жилые модули для многоэтажной застройки
flowmanual;FlowManual;;flowmanual.com;список 2;продукт;AI-платформа для смет, тендерных заявок и закупок;S5;"S5a; S5b";генподрядчик;тендеры и сметы;н/д;San Francisco;США;2 (агрегатор);seed, $130 тыс., июнь 2026 (Y Combinator S26);$130 тыс.;2026;не раскрыта;https://www.ycombinator.com/companies/flowmanual https://yespress.io/flowmanual-yc-s26;частично: агрегаторы и пресс-релизы, не первоисточник;"совсем ранняя компания; сметы, торги и закупки для генподрядчиков и MEP-подрядчиков"
fresco;Fresco;;fresco-ai.com;список 2;продукт;AI takeoff и сметы для Division 8 (двери, рамы, фурнитура);S5;S5a;субподрядчик;takeoff и сметы;США: генподрядчики и субподрядчики по Division 8;San Francisco;США;н/д;seed, $3,1 млн, июль 2025 (лид Khosla Ventures);около $3,5 млн (один агрегатор называет $48,2 млн за 7 раундов — не согласуется с остальными, отброшено);2024 (Y Combinator F24);"оценка агрегатора Latka: $660 тыс. ARR за 2025; не раскрыта компанией";https://www.ycombinator.com/companies/fresco https://getlatka.com/companies/fresco-ai.com;частично: агрегаторы и пресс-релизы, не первоисточник;"узкая ниша | 3 000+ обработанных обмеров — заявление компании; прямой конкурент Bild AI"
fyld;Fyld;;fyld.ai;список 2;продукт;AI-оценка рисков для строительных бригад;S6;S6d;генподрядчик;охрана труда;"крупная инфраструктура (энергетика, коммунальные сети); планы по США";London;Великобритания;71 (агрегатор);Series B, $41 млн (€34 млн), фев. 2026 (лид Energy Impact Partners);$79,5 млн;2020;"не раскрыта; рост 82% за 2025 (заявление компании)";https://techfundingnews.com/fyld-raises-41m-series-b-ai-infrastructure-frontline-workers/ https://www.eu-startups.com/2026/02/ai-field-operations-startup-fyld-lands-e34-million-for-its-london-based-frontline-intelligence-platform;частично: агрегаторы и пресс-релизы, не первоисточник;"бригады снимают короткие видео вместо форм, ИИ ищет риски по безопасности, качеству и срокам; заказчики — операторы инфраструктуры (30–40 тыс. полевых работников)"
gocontractor;GoContractor;входит в Xpertex;gocontractor.com;список 2;продукт;управление подрядчиками;X-COMP;S6;генподрядчик;комплаенс подрядчиков;н/д;Dublin;Ирландия;н/д;куплена компанией Safety Plus, июль 2024;н/д;2012 (раньше называлась Initiafy);не раскрыта;https://www.businesswire.com/news/home/20240716973115/en/Safety-Plus-Announces-Acquisition-of-GoContractor-to-Drive-Innovation-Across-Workplace-Safety-and-Compliance https://safetyplus.io/what-is-gocontractor/;частично: агрегаторы и пресс-релизы, не первоисточник;"связь с Xpertex из списка поиском не подтверждена; по источникам принадлежит Safety Plus — как самостоятельный стартап не существует"
growin;Growin;;growin.com;список 2;кастомная разработка;разработка и консалтинг для клиентов из AEC;н/д;;н/д;;н/д;Lisbon;Португалия;около 229 (июль 2026, агрегатор);н/д (ИТ-аутсорсинг, не венчурная компания);н/д;2014;не раскрыта;https://www.growin.com/about-us/ https://www.zoominfo.com/c/growin/372850887;частично: агрегаторы и пресс-релизы, не первоисточник;"услуги, не продукт | по описанию — ИТ-аутсорсинг разработки для международных клиентов; связь с AEC в найденном не подтверждена"
grupo-alava;Grupo Alava (Alava Ingenieros);;grupoalava.com;список 2;консалтинг/инжиниринг;инжиниринг и цифровизация;S3;S8a;"проектировщик; собственник";инжиниринг;н/д;Madrid;Испания;130–144 (агрегаторы);н/д (частная инжиниринговая группа);н/д;1973;"$25,5–38,4 млн (источники расходятся); не раскрыта";https://www.cbinsights.com/company/alava-ingenieros https://www.zoominfo.com/c/alava-ingenieros-sa/372529881;частично: агрегаторы и пресс-релизы, не первоисточник;"по агрегаторам — промышленная автоматизация, мониторинг процессов, предиктивное обслуживание, телеком; отношение к AEC уточнить"
helonic;Helonic;;helonic.com;список 2;продукт;поиск коллизий между архитектурными, конструктивными и MEP-чертежами, черновики запросов (RFI);S3;S6a;"проектировщик; генподрядчик";координация проектных разделов;н/д;San Francisco;США;2 (агрегатор);н/д (Y Combinator F25);н/д;2025;не раскрыта;https://www.ycombinator.com/companies/helonic https://helonic.com/about;частично: агрегаторы и пресс-релизы, не первоисточник;"интеграции с Procore и Autodesk Construction Cloud (по сайту); проверяет чертежи на коллизии, нарушения норм, технологичность"
idom;IDOM;;idom.com;список 2;консалтинг/инжиниринг;инжиниринг и НИОКР по цифровым двойникам;S3;S8a;"проектировщик; владелец инфраструктуры";инжиниринг;офисы в Америке, Азии, Африке, Европе, на Ближнем Востоке;Bilbao;Испания;около 5 400–5 700;н/д (частная инжиниринговая группа);н/д;1957;"около $952,6 млн (один агрегатор); другой — $1–10 млрд; не раскрыта";https://en.wikipedia.org/wiki/IDOM_(company) https://btw.media/all/company-stories/profiles/idom-global-engineering-consulting-and-architecture/;частично: агрегаторы и пресс-релизы, не первоисточник;крупная инжиниринговая компания — потенциальный клиент или партнёр, а не стартап
inspectmind;InspectMind AI;;inspectmind.ai;список 2;продукт;AI-агент проверяет чертежи и ищет ошибки до переделок;S3;S4;"проектировщик; генподрядчик";проверка проекта;н/д;San Francisco;США;н/д;pre-seed, $500 тыс., 01.03.2024 (Y Combinator W24);$0,5 млн;2023;не раскрыта;https://www.ycombinator.com/companies/inspectmind-ai https://startupintros.com/orgs/inspectmind-ai;частично: агрегаторы и пресс-релизы, не первоисточник;город штаба по описанию YC — не подтверждено
karmen;Karmen;;karmenai.com;список 2;продукт;AI-планировщик: строит и обновляет график из проектных документов;S6;"S5; S6a";генподрядчик;график и управление проектом;н/д;н/д;США;н/д;pre-seed, $500 тыс. (Y Combinator F24);$0,5 млн;2024;не раскрыта;https://www.ycombinator.com/companies/karmen https://www.extruct.ai/hub/karmenai-com-funding/;частично: агрегаторы и пресс-релизы, не первоисточник;"строит базовый график из проектных документов и обновляет; также автоматизирует согласование счетов, запросы RFI, изменения"
kodehyve;Kodehyve;;kodehyve.com;список 2;продукт;B2B-платформа управления девелоперскими проектами;S6;"S8b; S0";застройщик;управление проектом застройщика: CRM по продажам, финансовый анализ;"Люксембург; выход в Лондон (2021)";Luxembourg;Люксембург;н/д;"€2,6 млн, 2022 (частный капитал); seed €1 млн, 2021";€3,6 млн ($3,78 млн по агрегатору);2020 (май);не раскрыта;https://www.eu-startups.com/2022/11/exclusive-look-luxembourg-based-kodehyve-bags-e2-6-million-to-make-real-estate-more-collaborative/ https://tech.eu/2021/06/07/luxembourg-based-proptech-kodehyve-raises-e1-million-in-seed-round/;частично: агрегаторы и пресс-релизы, не первоисточник;этапы перекодированы по описанию: управление девелоперским проектом, CRM и финансы застройщика — ближе к продажам и управлению проектом, чем к стройплощадке
lobo;Lobo;;lobostudio.es;список 2;консалтинг/инжиниринг;3D-визуализация для застройщиков и архитекторов;S3;S8b;"проектировщик; застройщик";архитектурная визуализация (услуга студии);Испания: застройщики элитной жилой недвижимости и гостиничного сектора;Barcelona;Испания;н/д;н/д (частная студия);н/д;2017;не раскрыта;https://www.lobostudio.es/en/about-us/ https://architizer.com/firms/lobo-studio/;частично: агрегаторы и пресс-релизы, не первоисточник;"домен помечен «проверить» | домен lobo3d.com из списка не подтверждён, найдена студия Lobo Studio (lobostudio.es; офисы в Барселоне, Мадриде, Малаге) — совпадение с компанией основателя не доказано; 55 000+ изображений для 3 700+ клиентов — заявление студии; это услуга, не продукт"
mx3d;MX3D;;mx3d.com;список 2;продукт;роботизированная 3D-печать металлом;S6;S6c;генподрядчик;заводское производство;н/д;Amsterdam;Нидерланды;41–200 (источники расходятся);Series A, €7 млн, май 2025 (лид EDF Pulse Ventures);около €11,2 млн (€0,6 + €1,3 + €2,3 + €7,0 млн — расчёт по данным агрегатора);2014–2015 (источники расходятся);не раскрыта;https://mx3d.com/mx3d-secures-e7-million-to-accelerate-global-growth-in-robotic-metal-3d-printing/ https://app.dealroom.co/companies/mx3d;частично: агрегаторы и пресс-релизы, не первоисточник;"по одному агрегатору куплена Amazon в апреле 2026 — не подтверждено вторым источником; проверить"
nomoko;Nomoko;;nomoko.world;список 2;продукт;платформа цифровых двойников для градостроительства;S0;S2;"муниципалитет; застройщик";цифровой двойник города;н/д;Zürich;Швейцария;11–50 (агрегатор);н/д;н/д;2015;не раскрыта;https://www.geoweeknews.com/news/nomoko-is-building-a-cm-accuracy-digital-twin-of-the-world-and-a-platform-to-help-you-use-it https://www.linkedin.com/company/nomoko/;частично: агрегаторы и пресс-релизы, не первоисточник;"цифровые двойники по снимкам с дронов: здания, кварталы, города; ориентация на недвижимость"
optimuse;Optimuse;;optimuse.com;список 2;продукт;AI для строительства;S3;"S9; S8a";н/д;предпроектная подготовка реновации зданий: цифровой двойник, энергомодель, смета;крупные компании-владельцы недвижимости в Европе;Vienna;Австрия;11–50 (агрегатор);seed, более €4 млн, 2025 (Seed + Speed, Blum Ventures);н/д (более €4 млн в seed);2020 (28 сентября);не раскрыта;https://www.optimuse.com/en/about-us https://www.crunchbase.com/organization/optimuse;частично: агрегаторы и пресс-релизы, не первоисточник;"домен помечен «проверить»; назначение неясно | назначение уточнено: помощь на предпроектной стадии реновации здания"
opusense;Opusense AI;;opusense.com;список 2;продукт;формирует отчёты инспекций из голоса, фото и наблюдений на площадке;S6;"S6b; S7";генподрядчик;контроль хода и качества;"инспекторы строительных работ; вне заданной географии по штабу";Toronto;Канада;н/д;seed, $500 тыс., июнь 2025 (Y Combinator, Scale Asia Ventures);$0,5 млн;2024;не раскрыта;https://www.ycombinator.com/companies/opusense-ai https://www.crunchbase.com/organization/opusense-ai;частично: агрегаторы и пресс-релизы, не первоисточник;штаб в Торонто — вне заданной географии, но рынок продукта может быть шире
permitify;Permitify;;permitify.com;список 2;продукт;AI-проверка планов на соответствие нормам в муниципалитетах;S4;;"муниципалитет; проектировщик; застройщик; домостроитель";предварительная проверка проекта перед подачей и проверка для городов;н/д;San Francisco;США;н/д;pre-seed, $500 тыс. (Y Combinator, Unpopular Ventures);$0,5 млн;2024;не раскрыта;https://www.ycombinator.com/companies/permitify https://datadrivenaec.com/tools/permitify;частично: агрегаторы и пресс-релизы, не первоисточник;"по описанию два продукта: предварительная проверка за $297 для проектировщиков и застройщиков и 24-часовая проверка для домостроителей; также ориентируется на городских проверяющих — роль клиента шире, чем «муниципалитет»"
planetverify;PlanetVerify;;planetverify.com;список 2;продукт;верификация строительной рабочей силы;н/д;X-COMP;генподрядчик;проверка персонала;по описанию — аренда жилья, недвижимость, кадры, телеком, профессиональные услуги;Dublin;Ирландия;12 (агрегатор);seed, $250 тыс., 2022 (Newchip Accelerator и др.);$283 тыс. за 2 раунда;2013;"оценка агрегатора Latka: $1,3 млн ARR за 2025; не раскрыта компанией";https://www.crunchbase.com/organization/planetverify https://getlatka.com/companies/planetverify.com;частично: агрегаторы и пресс-релизы, не первоисточник;"этапы перекодированы: по описанию это проверка личности и документов для разных отраслей, а не специфично для стройки; метка основателя «верификация для строительной рабочей силы» не подтверждена"
planradar;PlanRadar;объединены 2 строки списка: найм в Мадриде и Лондоне;planradar.com;список 2;продукт;SaaS управления стройкой;S6;"S6b; S7; S8a";генподрядчик;управление и документирование на площадке;более 75 стран, 170 000+ пользователей (заявление компании);Vienna;Австрия;около 437 (2026, агрегатор), было 203 в 2022;Series B, $69–70 млн, янв. 2022;$131,6 млн за 4 раунда;2013;"оценка агрегатора Latka: $32,1 млн ARR за 2024 (было $19,9 млн в 2022); не раскрыта компанией";https://www.finsmes.com/2022/01/planradar-raises-69m-in-series-b-funding.html https://getlatka.com/companies/planradar;частично: агрегаторы и пресс-релизы, не первоисточник;"отслеживание дефектов, BIM, инспекции и отчётность; растёт в Испании и Великобритании (найм в Мадриде и Лондоне — по списку основателя)"
procore;Procore Technologies;объединены 2 строки списка: EMEA hub и второй EMEA-офис;procore.com;список 2;вендор-инкамбент;платформа управления строительством;S6;"S5; X-FIN; S6a";генподрядчик;управление строительством;"глобальный; EMEA hub (по списку основателя)";Carpinteria;США;4 421 штатный сотрудник на конец 2025;публичная компания (NYSE: PCOR);н/д;2002;$1 323 млн за 2025 (+15% к предыдущему году);https://www.procore.com/press/procore-announces-fourth-quarter-and-full-year-2025-financial-results https://www.sec.gov/Archives/edgar/data/1611052/000162828026011055/pcor-20251231.htm;"да: отчётность компании (пресс-релиз и 10-K за 2025; цифры взяты из выдачи поиска, сам документ не открывался)";
q-bot;Q-Bot;;q-bot.co;список 2;продукт;робототехника для ретрофита зданий;S9;S6c;"собственник; жилищная организация";ретрофит;Великобритания: ретрофит жилья (E.ON — партнёр);London;Великобритания;55 (по прессе);"£3,5 млн, сент. 2023 (лид EMV); ранее £1,6 млн, 2022";"около £5,1 млн (£1,6 + £3,5 млн — расчёт; более ранние раунды не учтены)";2012;не раскрыта;https://www.eu-startups.com/2023/09/london-based-q-bot-raises-e4-million-to-transform-the-built-environment-with-robotics-and-ai/ https://constructionmanagement.co.uk/q-bot-the-past-present-and-future-of-the-insulating-robot/;частично: агрегаторы и пресс-релизы, не первоисточник;"робот напыляет утеплитель под полом; 3 000+ домов утеплено — заявление компании"
rated-power;Rated Power;;ratedpower.com;список 2;продукт;AI-софт для проектирования солнечных станций;S3;;проектировщик;проектирование энергообъектов;"проектировщики и девелоперы солнечных электростанций; 1,3 тыс. клиентов (оценка агрегатора)";Madrid;Испания;около 138 (2026, агрегатор);"Series A, €5,2 млн, окт. 2021 (лид Seaya Ventures); в сентябре 2022 куплена Enverus";$8,58 млн;2017;"оценка агрегатора Latka: $21 млн; не раскрыта компанией";https://www.eu-startups.com/2021/10/ratedpower-scores-e5-2-million-to-boost-the-digitalization-of-the-solar-industry-and-become-the-saas-suite-of-renewables/ https://getlatka.com/companies/ratedpower;частично: агрегаторы и пресс-релизы, не первоисточник;"энергетика, а не здания | по агрегатору принадлежит Enverus с 2022 — не независимый стартап; энергетика, не здания"
rudus;Rudus;;rudus.ai;список 2;продукт;AI takeoff и оценка объёмов бетонных конструкций;S5;S5a;субподрядчик;takeoff и сметы;н/д;San Francisco;США;2 (агрегатор);н/д (Y Combinator, весна 2026);н/д;2026;не раскрыта;https://www.ycombinator.com/companies/rudus https://www.extruct.ai/hub/rudus-ai/;частично: агрегаторы и пресс-релизы, не первоисточник;"только бетонные работы (фундаменты, стены, колонны, плиты); цель — субподрядчики по бетону; не путать с финской Rudus Oy"
scoreboard-ai;Scoreboard.ai;;scoreboardai.net;список 2;продукт;оценка стоимости работ;S5;S5a;н/д;разбор объёма работ по чертежам и спецификациям (scope review) для субподрядных договоров;н/д;н/д;н/д;н/д;н/д;н/д;н/д;не раскрыта;https://scoreboardai.net/terms https://bbradar.com/demos/scoreboard-ai;частично: агрегаторы и пресс-релизы, не первоисточник;"метка основателя совпадает с меткой Speckle — проверить на копирование | метка основателя «оценка стоимости работ» не подтверждается: по описанию сервис ищет пробелы в объёме работ в чертежах и спецификациях и пишет формулировки для субподрядов, не считает стоимость; та же метка стояла у Speckle — вероятно, ошибка копирования; цена — $5 за лист чертежей (генподрядчики) и $2 (узкие подрядчики), $0,10 за лист спецификации"
smart-bricks;Smart Bricks;;smart-bricks.com;список 2;продукт;агентный AI для андеррайтинга и портфельных решений в недвижимости;S0;S1;инвестор/собственник;инвестиционная аналитика;"глобальные инвестиции в недвижимость; вне заданной географии по штабу";Dubai;ОАЭ;н/д;pre-seed, $5 млн, фев. 2026 (лид a16z Speedrun);$5 млн;2024;не раскрыта;https://techcrunch.com/2026/02/10/proptech-startup-smart-bricks-raises-5-million-pre-seed-in-round-led-by-a16z/ https://siliconangle.com/2026/02/10/vcs-back-smart-bricks-plan-automate-real-estate-investing-ai-agents/;частично: агрегаторы и пресс-релизы, не первоисточник;инвестиции в готовую недвижимость, к стройке отношения почти не имеет
speckle;Speckle;;speckle.systems;список 2;продукт;хаб данных для AEC (обмен моделями и данными);X-DATA;S3;проектировщик;платформа данных;н/д;London;Великобритания;11–50 (агрегатор);Series A, $12,5 млн (£9,6 млн), окт. 2024 (лид Addition);"н/д (раунд A $12,5 млн; более ранние раунды не суммированы)";2020 (январь);не раскрыта;https://speckle.systems/blog/speckle-raises-12-5-million-to-build-the-first-aec-data-hub/ https://www.uktechnews.info/2024/10/15/aec-systems-ltd-t-a-speckle-secures-9-6-million-series-a-investment-led-by-addition/;"частично: пресс-релиз компании; метка основателя исправлена";метка основателя «оценка стоимости работ» не подтверждается ссылкой: по URL ссылки речь о раунде $12,5 млн на хаб данных AEC — исправлено
spotr;Spotr;;spotr.ai;список 2;продукт;AI-инспекция зданий;S8a;S6b;"собственник; управляющая компания";инспекции;н/д;The Hague;Нидерланды;н/д;"Series A, €4,5 млн, 2024 (лид EDF Pulse Ventures); seed €2,5 млн, 2021";$7,93 млн за 2 раунда (агрегатор);2015;не раскрыта;https://www.innovationquarter.nl/en/spotr-ai-investment/ https://www.onlinemarketplaces.com/articles/property-inspection-startup-spotr-ai-raises-e4-5m/;частично: агрегаторы и пресс-релизы, не первоисточник;распознавание по снимкам со спутников, самолётов, дронов и автомобилей: обмеры и оценка состояния недвижимости
standard-access;Standard Access;;н/д;список 2;продукт;IoT-платформа для застроенной среды;S8a;;управляющая компания;IoT;н/д;н/д;н/д;н/д;н/д;н/д;н/д;не раскрыта;https://www.uktech.news/news/london-iot-startup-infogrid-raises-11-5m-to-make-buildings-smart-20201202;нет: компания по названию в поиске не найдена;поиск по названию «Standard Access» компанию не нашёл — данные не подтверждены, домен standardaccess.co не открывался
struck;Struck;;struckcompliance.com;список 2;продукт;"AI-платформа комплаенса для стройки; прямая рифма с гипотезой svodpro-raschety";X-COMP;"S4; S6";генподрядчик;нормы и комплаенс;Европа: архитекторы, застройщики, муниципалитеты;Amsterdam;Нидерланды;н/д;seed, €2 млн, нояб. 2025 (лид Value Factory Ventures, Antler);€2,25 млн (seed €2 млн + €250 тыс. до выхода из тени — расчёт);2024;не раскрыта;https://tech.eu/2025/11/06/struck-raises-eur2-million-to-simplify-building-compliance-with-ai/ https://siliconcanals.com/struck-exits-stealth-mode-with-250k/;частично: агрегаторы и пресс-релизы, не первоисточник;"домен помечен «проверить»; связь с hypotheses/svodpro-raschety | домен struckcompliance.com из списка не подтверждён; по описанию — справочник применимых правил и (скоро) автоматическая проверка проекта на нормы и экологические требования"
structured-ai;Structured AI;;getstructured.ai;список 2;продукт;AI QA/QC для PDF-чертежей и Revit-моделей;S3;;проектировщик;проверка проекта;н/д;New York;США;н/д;"seed, $4,2 млн, июнь 2026 (лид FCVC; Y Combinator F25)";$5 млн;н/д (YC Fall 2025);не раскрыта;https://getstructured.ai/blog/structured-ai-4-2m-seed-round/ https://startupintros.com/orgs/structured-ai;частично: пресс-релиз компании;
subvysion;SubVysion;;subvysion.com;список 2;продукт;роверы и компьютерное зрение: 3D-карты подземных коммуникаций;S2;S6;"владелец инфраструктуры; генподрядчик";изыскания подземных коммуникаций;США: подрядчики по коммунальным сетям (первые объекты — Филадельфия, Техас);San Francisco;США;2 (агрегатор);н/д (Y Combinator, лето 2026);н/д;2026;не раскрыта;https://www.ycombinator.com/companies/subvysion https://aiforcrecollective.com/stories/subvysion-sends-autonomous-rovers-underground;частично: агрегаторы и пресс-релизы, не первоисточник;"георадар на автономных роверах; ущерб от повреждения подземных коммуникаций $30 млрд в год — заявление компании"
trunk-tools;Trunk Tools;;trunk.tools;список 2;продукт;AI для управления знаниями на стройплощадке;S6;S6a;генподрядчик;знания и документы на площадке;н/д;н/д;н/д;более 100;Series B, $40 млн, июль 2025 (лид Insight Partners);$70 млн за 3 раунда;2021;не раскрыта;https://siliconangle.com/2025/07/24/trunk-tools-raises-40m-revolutionize-how-construction-teams-interact-project-data/ https://www.enr.com/articles/61084-trunk-tools-nets-40m-in-funding-round-led-by-insight-partners-tech-firm-ceo-said;частично: агрегаторы и пресс-релизы, не первоисточник;ИИ-агенты по чертежам, спецификациям, графикам и согласованиям
vellum;Vellum;;vellum.ink;список 2;продукт;генеративный анализ осуществимости для застройки;S0;S3;застройщик;ТЭО и осуществимость;н/д;Amsterdam;Нидерланды;н/д;pre-seed, $121 тыс., 17.04.2020 (Antler);"$0,12 млн (агрегатор; возможно, не полно)";н/д;не раскрыта;https://www.crunchbase.com/organization/vellum-ink https://pitchbook.com/profiles/company/493170-40;частично: агрегаторы и пресс-релизы, не первоисточник;"домен помечен «проверить» | домен vellumcompany.com из списка не подтверждён, найден vellum.ink; в выдаче есть другая компания Vellum (vellum.ai, платформа LLM) — не путать; данные о раундах давние (2020)"
viboo;viboo;;viboo.io;список 2;продукт;proptech/contech, IoT;S8a;;управляющая компания;управление энергопотреблением и климатом зданий через IoT;"Швейцария; выход в Германию (2025)";Zürich;Швейцария;н/д;"€3,3 млн, окт. 2025 (лид Realyze Ventures); дек. 2025 — инвестиция Rise PropTech Fund";н/д (€3,3 млн во втором раунде);2022;не раскрыта;https://www.eu-startups.com/2025/10/zurich-based-viboo-closes-e3-3-million-to-scale-ai-driven-building-management-in-germany/ https://viboo.io/en/blog;частично: агрегаторы и пресс-релизы, не первоисточник;"домен помечен «проверить»; назначение уточнить | заявлена средняя экономия энергии 27% — заявление компании"
wallround;WALLROUND;;wallround.com;список 2;продукт;proptech для строительства и недвижимости;S9;"S3; S5; S6";"собственник; жилищная организация; институциональный инвестор";энергоэффективная реновация: от анализа объекта до исполнения и контроля качества;"Германия; частные арендодатели и институциональные инвесторы";Berlin;Германия;н/д;seed, €4,2 млн (Vonovia и Founders Factory, совместная студия PropTech);€4,2 млн;2024;не раскрыта;https://www.startbase.com/news/wallround-sammelt-42-mio-euro-seed-ein/ https://proptechconnect.com/wallround-raises-from-vonovia-and-founders-factory-for-its-energy-efficient-home-renovation-platform/;частично: агрегаторы и пресс-релизы, не первоисточник;"домен помечен «проверить»; назначение неясно | этапы перекодированы по описанию в прессе: сквозная платформа реновации жилья; домен wallround.com не открывался"
xbuild;XBuild;;x.build;список 2;продукт;AI-сметы для кровельных работ и страхового восстановления, расчёт менее 15 минут;S5;"S5a; S9";"субподрядчик; страховщик";takeoff и сметы;"США: кровельные работы, фасады, водостоки; страховые случаи";н/д;США;н/д;"Series A, $19 млн, янв. 2026 (лид N47; Rackhouse Ventures, a16z)";н/д (раунд A $19 млн);2025 (запуск);"не раскрыта; обработано 15 000+ проектов на $250 млн объёма (заявление компании)";https://www.prnewswire.com/news-releases/xbuild-raises-19m-series-a-launches-ai-powered-residential-roofing-estimate-product-302664721.html https://fintech.global/2026/01/22/xbuild-raises-19m-to-scale-ai-estimating-platform/;частично: пресс-релиз компании;"основной спрос — страховые претензии по кровле; штаб по источникам не подтверждён"
xyz-reality;XYZ Reality;;xyzreality.com;список 2;продукт;AR/голографический BIM на площадке;S6;S6b;генподрядчик;контроль хода и качества;"дата-центры, фармацевтические объекты, аэропорты; проекты на £1,5 млрд (заявление компании)";London;Великобритания;"около 337 (агрегатор; возможно завышено)";Series A, £20 млн, 2021 (лид Octopus Ventures);$34,5 млн за 2 раунда;2017;не раскрыта;https://www.xyzreality.com/newsroom/xyz-reality-closes-20m-funding-round-as-it-seeks-further-growth https://tracxn.com/d/companies/xyzreality/__StWa3iTUeRLiXvDKD_wnD5mae9wVzHXjocwU7W9fuyQ;частично: агрегаторы и пресс-релизы, не первоисточник;HoloSite: голограммы BIM-модели на площадке с точностью 5 мм (заявление компании)
zerodays;Zerodays;;zerodays.dev;список 2;кастомная разработка;заказная разработка (не специфично для AEC);н/д;;н/д;;н/д;Ljubljana;Словения;10 (агрегатор);н/д;н/д;2021;не раскрыта;https://www.zerodays.dev/en https://clutch.co/profile/zerodays;частично: агрегаторы и пресс-релизы, не первоисточник;"вне предметной области; домен помечен «проверить» | домен zerodays.io из списка не открывался, найден zerodays.dev; заказная разработка, не AEC"
zigurat;Zigurat Global Institute of Technology;;zigurat.com;список 2;образование;образование и венчурная студия вокруг BIM;X-EDU;;проектировщик;образование;"онлайн-образование для архитектуры, инженерии и стройки; международно";Barcelona;Испания;н/д;н/д;н/д;2001;не раскрыта;https://www.e-zigurat.com/en/about-us/ https://www.e-zigurat.com/en/news/zigurat-celebrates-25-years-of-driving-the-digital-transformation-of-architecture-engineering-and-construction/;частично: агрегаторы и пресс-релизы, не первоисточник;"венчурная студия из описания основателя поиском не подтверждена; основатель начинал с обучения работе с CYPE"
zutec;ZuTec;;zutec.com;список 2;продукт;комплаенс и документация при сдаче объекта;S7;X-COMP;"генподрядчик; собственник";документы сдачи;Великобритания (соответствие закону о безопасности зданий Building Safety Act и «золотой нити» информации), Ирландия, Азия, Океания;н/д;н/д;около 82 (июль 2025, агрегатор);н/д;н/д;1999;не раскрыта;https://zutec.com/blog/20-years-of-supporting-the-construction-and-property-industries https://leadiq.com/c/zutec/5a1d8da65400005900743012;частично: агрегаторы и пресс-релизы, не первоисточник;"четыре семейства решений: документы, качество, сдача объекта, эксплуатационные данные; штаб не подтверждён"
trimble;Trimble;;trimble.com;добавлено (предложено, ждёт решения основателя);вендор-инкамбент;вендор: оборудование и ПО для стройки (Tekla, Viewpoint и др.);S6;"S2; S3; S6a";"генподрядчик; проектировщик";комплексный вендор;н/д;Westminster, CO;США;около 11 500 (2025);публичная компания (NASDAQ: TRMB);н/д;н/д;около $3,59 млрд за 2025;https://en.wikipedia.org/wiki/Trimble_Inc. https://www.reveliolabs.com/companies/trimble/employees/;"частично: Википедия и агрегатор; цифры из выдачи поиска";добавлено для проверки пробелов
nemetschek;Nemetschek Group;;nemetschek.com;добавлено (предложено, ждёт решения основателя);вендор-инкамбент;вендор: Allplan, Graphisoft, Bluebeam и др.;S3;"S6a; X-DATA";"проектировщик; генподрядчик";комплексный вендор;н/д;Munich;Германия;4 199–4 586 (2026, источники расходятся);публичная компания;н/д;1963;более €1 млрд за 2025 (около $1,34 млрд);https://www.nemetschek.com/sites/default/files/documents/NEM_AnnualReport_2025_EN.pdf https://en.wikipedia.org/wiki/Nemetschek;"частично: годовой отчёт компании в выдаче поиска; цифры не сверены с документом";добавлено для проверки пробелов
oracle-construction;Oracle Construction and Engineering;;oracle.com;добавлено (предложено, ждёт решения основателя);вендор-инкамбент;вендор: Aconex, Primavera;S6;"X-DATA; S6a";генподрядчик;управление проектами;н/д;Austin;США;н/д по подразделению (агрегатор называет 10 001+ — это весь Oracle);подразделение публичной корпорации Oracle;н/д;"н/д (Oracle — 1977; Primavera и Aconex куплены позднее)";не выделена в отчётности;https://www.linkedin.com/showcase/oracle-construction-and-engineering/ https://en.wikipedia.org/wiki/BIW_Technologies;частично: агрегаторы и пресс-релизы, не первоисточник;"добавлено для проверки пробелов | продукты: Primavera P6, Primavera Cloud, Unifier, Aconex, Textura; выручка подразделения отдельно не публикуется"
rib-schneider;RIB Software (Schneider Electric);;rib-software.com;добавлено (предложено, ждёт решения основателя);вендор-инкамбент;вендор: сметы, 5D, управление строительством;S5;"S6a; X-FIN";генподрядчик;сметы и управление;н/д;Stuttgart;Германия;н/д;куплена Schneider Electric в 2020 (оферта €1,4 млрд, сделка закрыта в июле 2020);н/д;н/д;не выделена;https://en.wikipedia.org/wiki/RIB_Software https://www.crunchbase.com/acquisition/schneider-electric-acquires-rib-software--6311b69c;частично: агрегаторы и пресс-релизы, не первоисточник;"добавлено; принадлежность проверить | принадлежность Schneider Electric подтверждена по нескольким источникам; штаб (Штутгарт) не подтверждён поиском; в Испании продукт RIB Spain — Presto (по описанию AEC-ON)"
hexagon;Hexagon;;hexagon.com;добавлено (предложено, ждёт решения основателя);вендор-инкамбент;вендор: измерения, изыскания, цифровая реальность;S2;S6;"проектировщик; генподрядчик";изыскания и измерения;н/д;Stockholm;Швеция;около 24 500 в 50 странах;публичная компания;н/д;н/д;около €5,4 млрд (чистые продажи, все направления, не только строительство);https://hexagon.com/company/newsroom/press-releases/2026/hexagon-publishes-the-annual-report-and-sustainability-report-2025 https://en.wikipedia.org/wiki/Hexagon_AB;"частично: годовой отчёт в выдаче поиска; цифры не сверены с документом";добавлено для проверки пробелов | строительство — малая часть бизнеса (измерения, геодезия, промышленность)
fieldwire-hilti;Fieldwire (Hilti);;fieldwire.com;добавлено (предложено, ждёт решения основателя);вендор-инкамбент;управление задачами на стройплощадке;S6;S6b;генподрядчик;управление на площадке;н/д;San Francisco;США;н/д;куплена Hilti за около $300 млн, 2021;н/д;2013;не раскрыта;https://www.fieldwire.com/blog/hilti-acquires-fieldwire/ https://www.enr.com/articles/53015-hilti-acquires-startup-fieldwire-in-300m-deal;частично: блог компании и пресса;"добавлено; принадлежность проверить | 1 млн+ проектов в 100 странах — заявление компании"
buildertrend;Buildertrend;;buildertrend.com;добавлено (предложено, ждёт решения основателя);вендор-инкамбент;управление проектами для домостроителей;S6;X-FIN;застройщик;управление проектом;"США: домостроители, ремонтные подрядчики, специализированные подрядчики; более 20 000 клиентов (агрегатор)";Omaha;США;700–817 (агрегаторы);частный капитал: Bain Capital, HGGC;н/д ($5 млн в апр. 2020 по агрегатору);2006;"$171,6 млн (оценка агрегатора, год не указан); $42,3 млн за 2021; не раскрыта компанией";https://getlatka.com/companies/buildertrend https://www.zoominfo.com/c/buildertrend/346966160;частично: агрегаторы и пресс-релизы, не первоисточник;добавлено для проверки пробелов
togal-ai;Togal.AI;;togal.ai;добавлено (предложено, ждёт решения основателя);продукт;AI takeoff по чертежам;S5;S5a;субподрядчик;takeoff и сметы;н/д;Miami;США;27–59 (источники расходятся);"pre-Series A (SAFE) $5 млн при оценке $50 млн (инвесторы Impact46, Mubadala и др.); дата не подтверждена";$17,5 млн (агрегатор);2019;"оценка агрегатора Latka: $2,2 млн за 2023; не раскрыта компанией";https://pitchbook.com/profiles/company/433187-11 https://getlatka.com/companies/togal.ai;частично: агрегаторы и пресс-релизы, не первоисточник;добавлено: прямой конкурент кластера takeoff | добавлена мной: прямой конкурент кластера takeoff
