"DATE_NAME","INDUSTRY_NAME","EMPLOYMENT_SIZEBAND_NAME","OBS_VALUE"
"2026","41 : Construction of buildings","Total",123625
"2026","41 : Construction of buildings","Micro (0 to 9)",118615
"2026","41 : Construction of buildings","Small (10 to 49)",4355
"2026","41 : Construction of buildings","Medium-sized (50 to 249)",560
"2026","41 : Construction of buildings","Large (250+)",95
"2026","42 : Civil engineering","Total",22840
"2026","42 : Civil engineering","Micro (0 to 9)",20755
"2026","42 : Civil engineering","Small (10 to 49)",1625
"2026","42 : Civil engineering","Medium-sized (50 to 249)",370
"2026","42 : Civil engineering","Large (250+)",85
"2026","43 : Specialised construction activities","Total",246380
"2026","43 : Specialised construction activities","Micro (0 to 9)",233025
"2026","43 : Specialised construction activities","Small (10 to 49)",12055
"2026","43 : Specialised construction activities","Medium-sized (50 to 249)",1170
"2026","43 : Specialised construction activities","Large (250+)",125
"2026","64 : Financial service activities, except insurance and pension funding","Total",24735
"2026","64 : Financial service activities, except insurance and pension funding","Micro (0 to 9)",23460
"2026","64 : Financial service activities, except insurance and pension funding","Small (10 to 49)",820
"2026","64 : Financial service activities, except insurance and pension funding","Medium-sized (50 to 249)",300
"2026","64 : Financial service activities, except insurance and pension funding","Large (250+)",160
"2026","65 : Insurance, reinsurance and pension funding, except compulsory social security","Total",5370
"2026","65 : Insurance, reinsurance and pension funding, except compulsory social security","Micro (0 to 9)",5105
"2026","65 : Insurance, reinsurance and pension funding, except compulsory social security","Small (10 to 49)",145
"2026","65 : Insurance, reinsurance and pension funding, except compulsory social security","Medium-sized (50 to 249)",45
"2026","65 : Insurance, reinsurance and pension funding, except compulsory social security","Large (250+)",70
"2026","66 : Activities auxiliary to financial services and insurance activities","Total",28900
"2026","66 : Activities auxiliary to financial services and insurance activities","Micro (0 to 9)",25575
"2026","66 : Activities auxiliary to financial services and insurance activities","Small (10 to 49)",2380
"2026","66 : Activities auxiliary to financial services and insurance activities","Medium-sized (50 to 249)",730
"2026","66 : Activities auxiliary to financial services and insurance activities","Large (250+)",215
"2026","68 : Real estate activities","Total",130040
"2026","68 : Real estate activities","Micro (0 to 9)",123010
"2026","68 : Real estate activities","Small (10 to 49)",6180
"2026","68 : Real estate activities","Medium-sized (50 to 249)",605
"2026","68 : Real estate activities","Large (250+)",240
"2026","71 : Architectural and engineering activities; technical testing and analysis","Total",81085
"2026","71 : Architectural and engineering activities; technical testing and analysis","Micro (0 to 9)",74530
"2026","71 : Architectural and engineering activities; technical testing and analysis","Small (10 to 49)",5350
"2026","71 : Architectural and engineering activities; technical testing and analysis","Medium-sized (50 to 249)",1015
"2026","71 : Architectural and engineering activities; technical testing and analysis","Large (250+)",190
"2026","77 : Rental and leasing activities","Total",18305
"2026","77 : Rental and leasing activities","Micro (0 to 9)",15955
"2026","77 : Rental and leasing activities","Small (10 to 49)",1915
"2026","77 : Rental and leasing activities","Medium-sized (50 to 249)",360
"2026","77 : Rental and leasing activities","Large (250+)",75
"2026","81 : Services to buildings and landscape activities","Total",55570
"2026","81 : Services to buildings and landscape activities","Micro (0 to 9)",49270
"2026","81 : Services to buildings and landscape activities","Small (10 to 49)",5050
"2026","81 : Services to buildings and landscape activities","Medium-sized (50 to 249)",950
"2026","81 : Services to buildings and landscape activities","Large (250+)",300
"2026","411 : Development of building projects","Total",45700
"2026","411 : Development of building projects","Micro (0 to 9)",44345
"2026","411 : Development of building projects","Small (10 to 49)",1280
"2026","411 : Development of building projects","Medium-sized (50 to 249)",65
"2026","411 : Development of building projects","Large (250+)",5
"2026","412 : Construction of residential and non-residential buildings","Total",77930
"2026","412 : Construction of residential and non-residential buildings","Micro (0 to 9)",74270
"2026","412 : Construction of residential and non-residential buildings","Small (10 to 49)",3075
"2026","412 : Construction of residential and non-residential buildings","Medium-sized (50 to 249)",495
"2026","412 : Construction of residential and non-residential buildings","Large (250+)",90
"2025","41 : Construction of buildings","Total",122405
"2025","41 : Construction of buildings","Micro (0 to 9)",117375
"2025","41 : Construction of buildings","Small (10 to 49)",4345
"2025","41 : Construction of buildings","Medium-sized (50 to 249)",585
"2025","41 : Construction of buildings","Large (250+)",100
"2025","42 : Civil engineering","Total",22385
"2025","42 : Civil engineering","Micro (0 to 9)",20295
"2025","42 : Civil engineering","Small (10 to 49)",1655
"2025","42 : Civil engineering","Medium-sized (50 to 249)",355
"2025","42 : Civil engineering","Large (250+)",80
"2025","43 : Specialised construction activities","Total",240040
"2025","43 : Specialised construction activities","Micro (0 to 9)",227040
"2025","43 : Specialised construction activities","Small (10 to 49)",11725
"2025","43 : Specialised construction activities","Medium-sized (50 to 249)",1150
"2025","43 : Specialised construction activities","Large (250+)",125
"2025","64 : Financial service activities, except insurance and pension funding","Total",22375
"2025","64 : Financial service activities, except insurance and pension funding","Micro (0 to 9)",21125
"2025","64 : Financial service activities, except insurance and pension funding","Small (10 to 49)",805
"2025","64 : Financial service activities, except insurance and pension funding","Medium-sized (50 to 249)",280
"2025","64 : Financial service activities, except insurance and pension funding","Large (250+)",160
"2025","65 : Insurance, reinsurance and pension funding, except compulsory social security","Total",5385
"2025","65 : Insurance, reinsurance and pension funding, except compulsory social security","Micro (0 to 9)",5140
"2025","65 : Insurance, reinsurance and pension funding, except compulsory social security","Small (10 to 49)",145
"2025","65 : Insurance, reinsurance and pension funding, except compulsory social security","Medium-sized (50 to 249)",45
"2025","65 : Insurance, reinsurance and pension funding, except compulsory social security","Large (250+)",55
"2025","66 : Activities auxiliary to financial services and insurance activities","Total",28730
"2025","66 : Activities auxiliary to financial services and insurance activities","Micro (0 to 9)",25320
"2025","66 : Activities auxiliary to financial services and insurance activities","Small (10 to 49)",2450
"2025","66 : Activities auxiliary to financial services and insurance activities","Medium-sized (50 to 249)",725
"2025","66 : Activities auxiliary to financial services and insurance activities","Large (250+)",230
"2025","68 : Real estate activities","Total",122310
"2025","68 : Real estate activities","Micro (0 to 9)",115670
"2025","68 : Real estate activities","Small (10 to 49)",5825
"2025","68 : Real estate activities","Medium-sized (50 to 249)",570
"2025","68 : Real estate activities","Large (250+)",245
"2025","71 : Architectural and engineering activities; technical testing and analysis","Total",79540
"2025","71 : Architectural and engineering activities; technical testing and analysis","Micro (0 to 9)",73170
"2025","71 : Architectural and engineering activities; technical testing and analysis","Small (10 to 49)",5200
"2025","71 : Architectural and engineering activities; technical testing and analysis","Medium-sized (50 to 249)",990
"2025","71 : Architectural and engineering activities; technical testing and analysis","Large (250+)",185
"2025","77 : Rental and leasing activities","Total",18325
"2025","77 : Rental and leasing activities","Micro (0 to 9)",15995
"2025","77 : Rental and leasing activities","Small (10 to 49)",1915
"2025","77 : Rental and leasing activities","Medium-sized (50 to 249)",350
"2025","77 : Rental and leasing activities","Large (250+)",70
"2025","81 : Services to buildings and landscape activities","Total",53720
"2025","81 : Services to buildings and landscape activities","Micro (0 to 9)",47625
"2025","81 : Services to buildings and landscape activities","Small (10 to 49)",4850
"2025","81 : Services to buildings and landscape activities","Medium-sized (50 to 249)",935
"2025","81 : Services to buildings and landscape activities","Large (250+)",315
"2025","411 : Development of building projects","Total",45690
"2025","411 : Development of building projects","Micro (0 to 9)",44255
"2025","411 : Development of building projects","Small (10 to 49)",1360
"2025","411 : Development of building projects","Medium-sized (50 to 249)",70
"2025","411 : Development of building projects","Large (250+)",5
"2025","412 : Construction of residential and non-residential buildings","Total",76715
"2025","412 : Construction of residential and non-residential buildings","Micro (0 to 9)",73120
"2025","412 : Construction of residential and non-residential buildings","Small (10 to 49)",2985
"2025","412 : Construction of residential and non-residential buildings","Medium-sized (50 to 249)",515
"2025","412 : Construction of residential and non-residential buildings","Large (250+)",90
