"DATE_NAME","GEOGRAPHY_NAME","INDUSTRY_NAME","OBS_VALUE"
"2023","Great Britain","41 : Construction of buildings",522000
"2023","Great Britain","41 : Construction of buildings",
"2023","Great Britain","42 : Civil engineering",208000
"2023","Great Britain","42 : Civil engineering",
"2023","Great Britain","43 : Specialised construction activities",843000
"2023","Great Britain","43 : Specialised construction activities",
"2023","Great Britain","64 : Financial service activities, except insurance and pension funding",486000
"2023","Great Britain","64 : Financial service activities, except insurance and pension funding",
"2023","Great Britain","65 : Insurance, reinsurance and pension funding, except compulsory social security",99000
"2023","Great Britain","65 : Insurance, reinsurance and pension funding, except compulsory social security",
"2023","Great Britain","66 : Activities auxiliary to financial services and insurance activities",488000
"2023","Great Britain","66 : Activities auxiliary to financial services and insurance activities",
"2023","Great Britain","68 : Real estate activities",643000
"2023","Great Britain","68 : Real estate activities",
"2023","Great Britain","71 : Architectural and engineering activities; technical testing and analysis",550000
"2023","Great Britain","71 : Architectural and engineering activities; technical testing and analysis",
"2023","Great Britain","77 : Rental and leasing activities",166000
"2023","Great Britain","77 : Rental and leasing activities",
"2023","Great Britain","81 : Services to buildings and landscape activities",752000
"2023","Great Britain","81 : Services to buildings and landscape activities",
"2023","Great Britain","84 : Public administration and defence; compulsory social security",1476000
"2023","Great Britain","84 : Public administration and defence; compulsory social security",
